outward_voyage_id,counts,voydepartureY
91651,227.0,1640.0
91881,227.0,1653.0
91473,227.0,1633.0
91474,227.0,1633.0
91475,227.0,1633.0
91476,227.0,1633.0
91477,227.0,1633.0
91478,189.0,1633.0
91479,148.0,1633.0
91480,348.0,1633.0
91481,56.0,1633.0
91482,159.0,1633.0
91483,227.0,1634.0
91484,200.0,1634.0
91485,227.0,1634.0
91486,227.0,1634.0
91487,227.0,1634.0
91488,227.0,1634.0
91489,227.0,1634.0
91490,227.0,1634.0
91491,227.0,1634.0
91492,227.0,1634.0
91493,227.0,1634.0
91494,227.0,1634.0
91495,227.0,1634.0
91496,227.0,1634.0
91497,227.0,1634.0
91498,227.0,1634.0
91499,227.0,1635.0
91500,227.0,1635.0
91501,227.0,1635.0
91502,227.0,1636.0
91503,227.0,1636.0
91504,227.0,1636.0
91505,227.0,1636.0
91506,227.0,1636.0
91507,227.0,1636.0
91508,227.0,1636.0
91509,227.0,1636.0
91510,227.0,1636.0
91511,227.0,1636.0
91512,227.0,1636.0
91513,227.0,1636.0
91514,227.0,1636.0
91515,227.0,1636.0
91516,227.0,1636.0
91517,227.0,1636.0
91518,227.0,1636.0
91519,227.0,1636.0
91520,227.0,1636.0
91521,227.0,1636.0
91522,227.0,1636.0
91523,160.0,1636.0
91524,300.0,1637.0
91525,227.0,1637.0
91526,227.0,1637.0
91527,227.0,1637.0
91528,227.0,1637.0
91529,227.0,1637.0
91530,227.0,1637.0
91531,227.0,1637.0
91532,227.0,1637.0
91533,227.0,1637.0
91534,227.0,1637.0
91535,227.0,1637.0
91536,227.0,1637.0
91537,227.0,1637.0
91538,80.0,1638.0
91539,80.0,1638.0
91540,227.0,1638.0
91620,227.0,1638.0
91621,227.0,1638.0
91622,40.0,1638.0
91623,227.0,1638.0
91624,227.0,1638.0
91625,227.0,1638.0
91626,227.0,1638.0
91627,300.0,1638.0
91628,227.0,1638.0
91629,250.0,1638.0
91630,227.0,1639.0
91631,227.0,1639.0
91632,227.0,1639.0
91633,227.0,1639.0
91634,227.0,1639.0
91635,227.0,1639.0
91636,227.0,1639.0
91637,227.0,1639.0
91638,227.0,1639.0
91639,227.0,1639.0
91640,227.0,1639.0
91641,227.0,1639.0
91642,227.0,1639.0
91643,227.0,1639.0
91644,227.0,1639.0
91645,227.0,1639.0
91646,227.0,1639.0
91647,227.0,1639.0
91648,227.0,1639.0
91649,227.0,1639.0
91650,227.0,1639.0
91652,227.0,1640.0
91653,227.0,1640.0
91654,227.0,1640.0
91655,227.0,1640.0
91656,227.0,1640.0
91657,227.0,1640.0
91658,227.0,1640.0
91659,227.0,1640.0
91660,227.0,1640.0
91661,227.0,1640.0
91662,227.0,1640.0
91664,227.0,1640.0
91663,227.0,1640.0
91665,227.0,1640.0
91666,227.0,1640.0
91667,227.0,1640.0
91668,227.0,1640.0
91669,227.0,1640.0
91670,227.0,1640.0
91671,227.0,1640.0
91672,227.0,1640.0
91673,227.0,1640.0
91674,227.0,1640.0
91675,227.0,1640.0
91676,227.0,1640.0
91677,227.0,1640.0
91678,227.0,1640.0
91679,92.0,1640.0
91680,227.0,1640.0
91681,227.0,1640.0
91682,227.0,1640.0
91683,227.0,1640.0
91684,227.0,1641.0
91685,227.0,1641.0
91686,227.0,1641.0
91687,227.0,1641.0
91688,227.0,1641.0
91689,227.0,1641.0
91690,227.0,1641.0
91691,227.0,1641.0
91692,227.0,1641.0
91693,227.0,1641.0
91694,227.0,1642.0
91695,227.0,1642.0
91696,227.0,1642.0
91697,227.0,1642.0
91698,227.0,1642.0
91699,227.0,1642.0
91700,227.0,1642.0
91701,227.0,1642.0
91702,227.0,1642.0
91703,227.0,1642.0
91704,227.0,1642.0
91705,227.0,1642.0
91706,227.0,1642.0
91707,227.0,1642.0
91708,227.0,1642.0
91709,227.0,1642.0
91710,227.0,1642.0
91711,227.0,1642.0
91712,227.0,1642.0
91713,227.0,1642.0
91714,227.0,1642.0
91715,227.0,1643.0
91716,114.0,1643.0
91717,227.0,1643.0
91718,227.0,1643.0
91719,129.0,1643.0
91720,284.0,1643.0
91721,227.0,1643.0
91722,227.0,1643.0
91723,227.0,1643.0
91724,227.0,1643.0
91725,227.0,1643.0
91726,227.0,1643.0
91727,52.0,1643.0
91728,41.0,1643.0
91729,227.0,1643.0
91730,336.0,1643.0
91731,399.0,1643.0
91732,103.0,1644.0
91733,227.0,1644.0
91734,227.0,1644.0
91735,227.0,1644.0
91736,227.0,1644.0
91737,104.0,1644.0
91738,227.0,1644.0
91739,227.0,1644.0
91740,227.0,1644.0
91741,227.0,1644.0
91742,227.0,1644.0
91743,227.0,1644.0
91744,227.0,1644.0
91745,227.0,1644.0
91746,227.0,1644.0
91747,227.0,1644.0
91748,227.0,1644.0
91749,227.0,1644.0
91750,227.0,1644.0
91751,110.0,1644.0
91752,350.0,1645.0
91753,227.0,1645.0
91754,227.0,1645.0
91755,350.0,1645.0
91756,227.0,1645.0
91757,227.0,1645.0
91758,227.0,1645.0
91759,227.0,1645.0
91762,227.0,1645.0
91763,227.0,1645.0
91764,227.0,1645.0
91765,227.0,1645.0
91766,227.0,1645.0
91760,227.0,1645.0
91761,227.0,1645.0
91767,227.0,1645.0
91768,227.0,1645.0
91769,227.0,1646.0
91770,227.0,1646.0
91771,227.0,1646.0
91772,227.0,1646.0
91773,227.0,1646.0
91774,227.0,1646.0
91775,321.0,1646.0
91776,227.0,1646.0
91777,227.0,1646.0
91778,227.0,1646.0
91779,227.0,1646.0
91780,227.0,1646.0
91781,227.0,1646.0
91782,227.0,1646.0
91783,227.0,1646.0
91784,227.0,1646.0
91785,227.0,1646.0
91786,227.0,1646.0
91787,227.0,1646.0
91788,227.0,1646.0
91789,300.0,1647.0
91790,350.0,1647.0
91791,227.0,1647.0
91792,227.0,1647.0
91793,200.0,1647.0
91794,125.0,1647.0
91795,227.0,1647.0
91796,227.0,1647.0
91797,227.0,1647.0
91798,227.0,1647.0
91799,49.0,1647.0
91800,368.0,1647.0
91801,227.0,1648.0
91802,227.0,1648.0
91803,227.0,1648.0
91804,216.0,1648.0
91805,102.0,1648.0
91806,227.0,1648.0
91807,227.0,1648.0
91808,227.0,1648.0
91809,227.0,1648.0
91810,227.0,1648.0
91811,61.0,1648.0
91812,227.0,1648.0
91813,227.0,1648.0
91814,227.0,1648.0
91815,227.0,1649.0
91816,227.0,1649.0
91817,227.0,1649.0
91818,227.0,1649.0
91819,227.0,1649.0
91821,227.0,1649.0
91822,227.0,1649.0
91823,227.0,1649.0
91824,227.0,1649.0
91825,227.0,1649.0
91826,227.0,1649.0
91827,227.0,1649.0
91828,227.0,1649.0
91829,300.0,1649.0
91830,250.0,1649.0
91831,227.0,1649.0
91832,227.0,1649.0
91833,227.0,1650.0
91834,227.0,1650.0
91835,325.0,1650.0
91836,227.0,1650.0
91837,227.0,1650.0
91838,227.0,1650.0
91839,227.0,1650.0
91840,227.0,1650.0
91841,227.0,1650.0
91842,227.0,1650.0
91843,227.0,1650.0
91844,227.0,1651.0
91845,227.0,1651.0
91846,300.0,1651.0
91847,227.0,1651.0
91848,227.0,1651.0
91849,227.0,1651.0
91850,227.0,1651.0
91851,227.0,1651.0
91852,227.0,1651.0
91853,227.0,1651.0
91854,227.0,1651.0
91855,227.0,1651.0
91856,227.0,1651.0
91857,227.0,1651.0
91858,227.0,1651.0
91859,227.0,1652.0
91860,227.0,1652.0
91861,227.0,1652.0
91862,227.0,1652.0
91863,227.0,1652.0
91864,227.0,1652.0
91865,227.0,1652.0
91866,227.0,1652.0
91867,227.0,1652.0
91868,227.0,1652.0
91869,227.0,1652.0
91870,227.0,1652.0
91871,227.0,1652.0
91872,227.0,1652.0
91873,227.0,1652.0
91874,227.0,1652.0
91875,58.0,1652.0
91876,227.0,1652.0
91877,206.0,1652.0
91878,227.0,1652.0
91879,227.0,1652.0
91880,170.0,1652.0
91882,93.0,1653.0
91883,227.0,1653.0
91884,133.0,1653.0
91885,137.0,1653.0
91886,155.0,1653.0
91887,227.0,1653.0
91888,227.0,1653.0
91889,227.0,1653.0
91890,227.0,1653.0
91891,227.0,1653.0
91892,227.0,1653.0
91893,227.0,1653.0
91894,227.0,1653.0
91895,227.0,1653.0
91896,227.0,1653.0
91897,227.0,1653.0
91898,227.0,1653.0
91899,227.0,1653.0
91900,227.0,1653.0
91901,227.0,1653.0
91902,227.0,1653.0
91903,227.0,1654.0
91904,227.0,1654.0
91905,227.0,1654.0
91906,227.0,1654.0
91907,227.0,1654.0
91908,227.0,1654.0
91909,227.0,1654.0
91910,227.0,1654.0
91911,227.0,1654.0
91912,227.0,1654.0
91913,350.0,1654.0
91914,227.0,1654.0
91915,227.0,1654.0
91916,227.0,1654.0
91917,227.0,1654.0
91918,227.0,1654.0
91919,227.0,1654.0
91920,227.0,1654.0
91921,227.0,1654.0
91922,227.0,1654.0
91923,227.0,1654.0
91924,227.0,1654.0
91925,227.0,1654.0
91926,227.0,1654.0
91927,227.0,1654.0
91928,227.0,1654.0
91929,430.0,1654.0
91930,227.0,1654.0
91931,227.0,1654.0
91932,227.0,1654.0
91933,133.0,1654.0
91934,227.0,1654.0
91935,227.0,1654.0
91936,227.0,1654.0
91937,227.0,1655.0
91938,227.0,1655.0
91939,14.0,1655.0
91940,137.0,1655.0
91941,227.0,1655.0
91942,311.0,1655.0
91943,227.0,1655.0
91944,227.0,1655.0
91945,227.0,1655.0
91946,227.0,1655.0
91947,290.0,1655.0
91948,227.0,1655.0
91949,227.0,1655.0
91950,193.0,1655.0
91951,75.0,1655.0
91952,165.0,1655.0
91953,227.0,1655.0
91954,214.0,1655.0
91955,197.0,1655.0
91956,105.0,1655.0
91957,187.0,1655.0
91958,242.0,1655.0
91959,223.0,1655.0
91960,241.0,1655.0
91961,200.0,1655.0
91962,170.0,1656.0
91963,260.0,1656.0
91964,227.0,1656.0
91965,273.0,1656.0
91966,38.0,1656.0
91967,347.0,1656.0
91968,40.0,1656.0
91969,22.0,1656.0
91970,19.0,1656.0
91971,64.0,1656.0
91972,356.0,1656.0
91973,30.0,1656.0
91974,21.0,1656.0
91975,252.0,1656.0
91976,36.0,1656.0
91977,212.0,1656.0
91978,58.0,1656.0
91979,369.0,1656.0
91980,402.0,1656.0
91981,379.0,1656.0
91982,230.0,1656.0
91983,255.0,1656.0
91984,76.0,1656.0
91985,333.0,1656.0
91986,227.0,1657.0
91987,152.0,1657.0
91988,38.0,1657.0
91989,227.0,1657.0
91990,326.0,1657.0
91991,310.0,1657.0
91992,279.0,1657.0
91993,343.0,1657.0
91994,74.0,1657.0
91995,157.0,1657.0
91996,324.0,1657.0
91997,313.0,1657.0
91998,327.0,1657.0
91999,150.0,1657.0
92000,79.0,1657.0
92001,368.0,1657.0
92002,227.0,1658.0
92003,172.0,1658.0
92004,179.0,1658.0
92005,259.0,1658.0
92006,356.0,1658.0
92007,160.0,1658.0
92008,142.0,1658.0
92009,139.0,1658.0
92010,38.0,1658.0
92011,347.0,1658.0
92012,67.0,1658.0
92013,71.0,1658.0
92014,382.0,1658.0
92015,387.0,1658.0
92016,28.0,1658.0
92017,161.0,1658.0
92018,129.0,1658.0
92019,95.0,1658.0
92020,173.0,1658.0
91820,227.0,1659.0
92021,64.0,1659.0
92022,342.0,1659.0
92023,429.0,1659.0
92024,197.0,1659.0
92025,356.0,1659.0
92026,352.0,1659.0
92027,407.0,1659.0
92028,283.0,1659.0
92029,209.0,1659.0
92030,358.0,1659.0
92031,227.0,1659.0
92032,192.0,1659.0
92033,157.0,1659.0
92034,219.0,1659.0
92035,121.0,1659.0
92036,378.0,1659.0
92037,299.0,1660.0
92038,21.0,1660.0
92039,302.0,1660.0
92040,273.0,1660.0
92041,359.0,1660.0
92042,139.0,1660.0
92043,56.0,1660.0
92044,144.0,1660.0
92045,369.0,1660.0
92046,66.0,1660.0
92047,94.0,1660.0
92048,372.0,1660.0
92049,199.0,1660.0
92050,293.0,1660.0
92051,162.0,1661.0
92052,95.0,1661.0
92053,325.0,1661.0
92054,136.0,1661.0
92055,413.0,1661.0
92056,359.0,1661.0
92057,352.0,1661.0
92058,172.0,1661.0
92059,242.0,1661.0
92060,247.0,1661.0
92061,258.0,1661.0
92062,241.0,1661.0
92063,254.0,1661.0
92064,361.0,1661.0
92065,317.0,1661.0
92066,20.0,1661.0
92067,327.0,1661.0
92068,343.0,1661.0
92069,98.0,1661.0
92070,388.0,1661.0
92071,341.0,1661.0
92072,345.0,1661.0
92073,348.0,1661.0
92074,154.0,1662.0
92075,51.0,1662.0
92076,97.0,1662.0
92077,251.0,1662.0
92078,33.0,1662.0
92079,157.0,1662.0
92080,194.0,1662.0
92081,175.0,1662.0
92082,327.0,1662.0
92083,360.0,1662.0
92084,217.0,1662.0
92085,257.0,1662.0
92086,254.0,1662.0
92087,227.0,1662.0
92088,233.0,1662.0
92089,366.0,1662.0
92090,277.0,1662.0
92091,227.0,1662.0
92092,86.0,1662.0
92093,55.0,1662.0
92094,318.0,1662.0
92095,22.0,1662.0
92096,106.0,1662.0
92097,148.0,1662.0
92098,160.0,1662.0
92099,57.0,1662.0
92100,56.0,1662.0
92101,181.0,1662.0
92102,75.0,1662.0
92103,298.0,1662.0
92104,117.0,1663.0
92105,239.0,1663.0
92106,108.0,1663.0
92107,202.0,1663.0
92108,160.0,1663.0
92109,179.0,1663.0
92110,53.0,1663.0
92111,56.0,1663.0
92112,52.0,1663.0
92113,130.0,1663.0
92114,158.0,1663.0
92115,57.0,1663.0
92116,63.0,1663.0
92117,215.0,1663.0
92118,160.0,1663.0
92119,163.0,1663.0
92120,159.0,1663.0
92121,249.0,1663.0
92122,271.0,1663.0
92123,151.0,1663.0
92124,58.0,1663.0
92125,126.0,1663.0
92126,284.0,1663.0
92127,155.0,1663.0
92128,225.0,1664.0
92129,232.0,1664.0
92130,203.0,1664.0
92131,89.0,1664.0
92132,236.0,1664.0
92133,23.0,1664.0
92134,14.0,1664.0
92135,13.0,1664.0
92136,14.0,1664.0
92137,13.0,1664.0
92138,255.0,1664.0
92139,197.0,1664.0
92140,16.0,1664.0
92141,257.0,1664.0
92142,15.0,1664.0
92143,254.0,1664.0
92144,150.0,1664.0
92145,195.0,1664.0
92146,269.0,1664.0
92147,16.0,1665.0
92148,16.0,1665.0
92149,18.0,1665.0
92150,124.0,1665.0
92151,218.0,1665.0
92152,118.0,1665.0
92153,84.0,1665.0
92154,151.0,1665.0
92155,190.0,1665.0
92156,70.0,1665.0
92157,63.0,1665.0
92158,57.0,1665.0
92159,150.0,1665.0
92160,184.0,1665.0
92161,155.0,1665.0
92162,282.0,1665.0
92163,121.0,1666.0
92164,148.0,1666.0
91541,240.0,1666.0
91542,23.0,1666.0
91543,180.0,1666.0
91544,301.0,1666.0
91545,154.0,1666.0
91546,176.0,1666.0
91547,156.0,1666.0
91548,134.0,1666.0
91549,157.0,1666.0
91550,267.0,1666.0
91551,164.0,1666.0
91552,160.0,1666.0
91553,135.0,1666.0
91554,73.0,1666.0
91555,178.0,1666.0
91556,311.0,1666.0
91557,236.0,1667.0
91558,190.0,1667.0
91559,193.0,1667.0
91560,227.0,1667.0
91561,160.0,1667.0
91562,176.0,1667.0
91563,204.0,1667.0
91564,227.0,1667.0
91565,227.0,1667.0
91566,215.0,1667.0
91567,260.0,1667.0
91568,213.0,1667.0
91569,227.0,1667.0
91570,30.0,1667.0
91571,45.0,1667.0
91572,227.0,1667.0
91573,227.0,1667.0
91574,242.0,1667.0
92165,38.0,1667.0
92166,173.0,1667.0
92167,211.0,1667.0
92168,42.0,1667.0
92169,227.0,1667.0
92170,223.0,1667.0
92171,281.0,1667.0
92172,227.0,1668.0
92173,29.0,1668.0
92174,29.0,1668.0
92175,17.0,1668.0
92176,175.0,1668.0
92177,290.0,1668.0
92178,176.0,1668.0
92179,279.0,1668.0
92180,318.0,1668.0
92181,212.0,1668.0
92182,140.0,1668.0
92183,212.0,1668.0
92184,297.0,1668.0
92185,107.0,1668.0
92186,21.0,1668.0
92187,306.0,1668.0
92188,318.0,1668.0
92189,308.0,1668.0
92190,145.0,1668.0
92191,31.0,1668.0
92192,274.0,1668.0
92193,36.0,1668.0
92194,264.0,1668.0
92195,328.0,1668.0
92196,184.0,1668.0
92197,316.0,1668.0
92198,224.0,1668.0
92199,227.0,1668.0
92200,157.0,1668.0
92201,20.0,1668.0
92202,173.0,1668.0
92203,17.0,1668.0
92204,17.0,1668.0
92205,164.0,1668.0
92206,123.0,1668.0
92207,317.0,1668.0
92208,176.0,1668.0
92209,147.0,1668.0
92210,324.0,1668.0
92211,189.0,1669.0
92212,17.0,1669.0
92213,17.0,1669.0
92214,254.0,1669.0
92215,217.0,1669.0
92216,131.0,1669.0
92217,127.0,1669.0
92218,329.0,1669.0
92219,357.0,1669.0
92220,16.0,1669.0
92221,31.0,1669.0
92222,19.0,1669.0
92223,187.0,1669.0
92224,319.0,1669.0
92225,242.0,1669.0
92226,268.0,1669.0
92227,19.0,1669.0
92228,19.0,1669.0
92229,202.0,1669.0
92230,100.0,1669.0
92231,109.0,1669.0
92232,19.0,1669.0
92233,177.0,1669.0
92234,197.0,1669.0
92235,152.0,1669.0
92236,243.0,1669.0
92237,200.0,1669.0
92238,16.0,1669.0
92239,19.0,1669.0
92240,315.0,1669.0
92241,118.0,1669.0
92242,242.0,1669.0
92243,220.0,1669.0
92244,246.0,1670.0
92245,116.0,1670.0
92246,233.0,1670.0
92247,225.0,1670.0
92248,192.0,1670.0
92249,186.0,1670.0
92250,137.0,1670.0
92251,168.0,1670.0
92252,100.0,1670.0
92253,174.0,1670.0
92254,127.0,1670.0
92255,770.0,1670.0
92256,184.0,1670.0
92257,124.0,1670.0
92258,130.0,1670.0
92259,187.0,1670.0
92260,80.0,1670.0
92261,154.0,1670.0
92262,105.0,1670.0
92263,82.0,1671.0
92264,110.0,1671.0
92265,204.0,1671.0
92266,145.0,1671.0
92267,277.0,1671.0
92268,120.0,1671.0
92269,235.0,1671.0
92270,241.0,1671.0
92271,20.0,1671.0
92272,220.0,1671.0
92273,228.0,1671.0
92274,17.0,1671.0
92275,144.0,1671.0
92276,160.0,1671.0
92277,304.0,1671.0
92278,163.0,1671.0
92279,17.0,1671.0
92280,185.0,1671.0
92281,296.0,1671.0
92282,220.0,1671.0
92283,302.0,1671.0
92284,214.0,1671.0
92285,53.0,1671.0
92286,104.0,1671.0
92287,113.0,1671.0
92288,254.0,1671.0
92289,257.0,1671.0
92290,251.0,1671.0
92291,224.0,1671.0
92292,78.0,1671.0
92293,288.0,1671.0
92294,202.0,1671.0
92295,53.0,1671.0
92296,49.0,1671.0
92297,314.0,1671.0
92298,281.0,1671.0
92299,108.0,1671.0
92300,74.0,1671.0
92301,40.0,1671.0
92302,141.0,1671.0
92303,304.0,1671.0
92304,264.0,1671.0
92305,17.0,1672.0
92306,227.0,1672.0
92307,19.0,1672.0
92308,136.0,1672.0
92309,321.0,1672.0
92310,234.0,1672.0
92311,21.0,1672.0
92312,287.0,1672.0
92313,240.0,1672.0
92314,275.0,1672.0
92315,19.0,1672.0
92316,324.0,1672.0
92317,200.0,1672.0
92318,134.0,1672.0
92319,344.0,1672.0
92320,23.0,1672.0
92321,230.0,1672.0
92322,131.0,1672.0
92323,270.0,1672.0
92324,227.0,1672.0
92325,133.0,1673.0
92326,81.0,1673.0
92327,271.0,1673.0
92328,199.0,1673.0
92329,107.0,1673.0
92330,306.0,1673.0
92331,21.0,1673.0
92332,295.0,1673.0
92333,221.0,1673.0
92334,22.0,1673.0
92335,20.0,1673.0
92336,240.0,1673.0
92337,291.0,1673.0
92338,243.0,1673.0
92339,317.0,1673.0
92340,300.0,1673.0
92341,192.0,1673.0
92342,160.0,1674.0
92343,291.0,1674.0
92344,260.0,1674.0
92345,21.0,1674.0
92346,11.0,1674.0
92347,150.0,1674.0
92348,22.0,1674.0
92349,20.0,1674.0
92350,265.0,1674.0
92351,293.0,1674.0
92352,328.0,1674.0
92353,299.0,1674.0
92354,400.0,1674.0
92355,80.0,1674.0
92356,28.0,1674.0
92357,275.0,1674.0
92358,49.0,1674.0
92359,227.0,1674.0
92360,290.0,1674.0
92361,200.0,1674.0
92362,107.0,1675.0
92363,20.0,1675.0
92364,180.0,1675.0
92365,227.0,1675.0
92366,227.0,1675.0
92367,296.0,1675.0
92368,271.0,1675.0
92369,193.0,1675.0
92370,134.0,1675.0
92371,156.0,1675.0
92372,250.0,1675.0
92373,230.0,1675.0
92374,386.0,1675.0
92375,307.0,1675.0
92376,279.0,1675.0
92377,296.0,1675.0
92378,313.0,1675.0
92379,25.0,1675.0
92380,130.0,1675.0
92381,92.0,1675.0
92382,107.0,1675.0
92383,250.0,1675.0
92384,295.0,1675.0
92385,198.0,1675.0
92386,100.0,1675.0
92387,175.0,1675.0
92388,304.0,1675.0
92389,136.0,1675.0
92390,304.0,1675.0
92391,114.0,1675.0
92392,289.0,1675.0
92393,278.0,1676.0
92394,233.0,1676.0
92395,27.0,1676.0
92396,227.0,1676.0
92397,281.0,1676.0
92398,269.0,1676.0
92399,238.0,1676.0
92400,288.0,1676.0
92401,294.0,1676.0
92402,282.0,1676.0
92403,292.0,1676.0
92404,60.0,1676.0
92405,65.0,1676.0
92406,27.0,1676.0
92407,51.0,1676.0
92408,331.0,1676.0
92409,323.0,1676.0
92410,130.0,1676.0
92411,65.0,1676.0
92412,227.0,1676.0
92413,68.0,1676.0
92414,256.0,1676.0
92415,309.0,1676.0
92416,138.0,1676.0
92417,105.0,1676.0
92418,227.0,1676.0
92419,197.0,1676.0
92420,66.0,1676.0
92421,20.0,1676.0
92422,67.0,1676.0
92423,227.0,1677.0
92424,307.0,1677.0
92425,129.0,1677.0
92426,215.0,1677.0
92427,227.0,1677.0
91575,227.0,1677.0
91576,115.0,1677.0
92428,284.0,1677.0
91577,58.0,1677.0
91578,61.0,1677.0
91579,47.0,1677.0
91580,252.0,1677.0
91581,309.0,1677.0
91582,163.0,1677.0
91583,340.0,1677.0
91584,338.0,1677.0
91585,11.0,1677.0
91588,156.0,1677.0
91589,71.0,1678.0
91590,225.0,1678.0
91591,42.0,1678.0
91592,45.0,1678.0
91586,263.0,1678.0
91587,77.0,1678.0
91593,317.0,1678.0
91594,305.0,1678.0
91595,167.0,1678.0
91596,212.0,1678.0
91597,297.0,1678.0
92429,30.0,1678.0
92430,282.0,1678.0
92431,36.0,1678.0
92432,250.0,1678.0
92433,227.0,1678.0
92434,38.0,1678.0
92435,270.0,1678.0
92436,289.0,1678.0
92437,275.0,1678.0
92438,333.0,1678.0
92439,239.0,1679.0
92440,239.0,1679.0
92441,284.0,1679.0
92442,217.0,1679.0
92443,276.0,1679.0
92444,275.0,1679.0
92445,330.0,1679.0
92446,335.0,1680.0
92447,269.0,1680.0
92448,31.0,1680.0
92449,260.0,1680.0
92450,93.0,1680.0
92451,114.0,1680.0
92452,30.0,1680.0
92453,334.0,1680.0
92454,276.0,1680.0
92455,280.0,1680.0
92456,284.0,1680.0
92457,375.0,1680.0
92458,368.0,1680.0
92459,72.0,1680.0
92460,54.0,1680.0
92461,160.0,1680.0
92462,112.0,1680.0
92463,271.0,1680.0
92464,327.0,1680.0
92465,45.0,1680.0
92466,82.0,1680.0
92467,126.0,1680.0
92468,397.0,1681.0
92469,271.0,1681.0
92470,29.0,1681.0
92471,53.0,1681.0
92472,397.0,1681.0
92473,269.0,1681.0
92474,306.0,1681.0
92475,338.0,1681.0
92476,338.0,1681.0
92477,207.0,1681.0
92478,249.0,1681.0
92479,167.0,1681.0
92480,353.0,1681.0
92481,317.0,1681.0
92482,170.0,1682.0
92483,330.0,1682.0
92484,52.0,1682.0
92485,154.0,1682.0
92486,285.0,1682.0
92487,302.0,1682.0
92488,15.0,1682.0
92489,60.0,1682.0
92490,290.0,1682.0
92491,303.0,1682.0
92492,60.0,1682.0
92493,117.0,1682.0
92494,310.0,1682.0
92495,121.0,1682.0
92496,271.0,1682.0
92497,324.0,1682.0
92498,209.0,1682.0
92499,144.0,1682.0
92500,162.0,1682.0
92501,311.0,1682.0
92502,150.0,1682.0
92503,270.0,1682.0
92504,308.0,1682.0
92505,76.0,1682.0
92506,111.0,1682.0
92507,289.0,1682.0
92508,100.0,1682.0
92509,241.0,1683.0
92510,298.0,1683.0
92511,330.0,1683.0
92512,173.0,1683.0
92513,226.0,1683.0
92514,203.0,1683.0
92515,275.0,1683.0
92516,285.0,1683.0
92517,160.0,1683.0
92518,307.0,1683.0
92519,126.0,1683.0
92520,40.0,1683.0
92521,102.0,1683.0
92522,174.0,1683.0
92523,170.0,1683.0
92524,213.0,1683.0
92525,217.0,1683.0
92526,209.0,1683.0
92527,197.0,1683.0
92528,179.0,1683.0
92529,262.0,1683.0
92530,38.0,1684.0
92531,75.0,1684.0
92532,22.0,1684.0
92533,25.0,1684.0
92534,301.0,1684.0
92535,99.0,1684.0
92536,214.0,1684.0
92537,207.0,1684.0
92538,302.0,1684.0
92539,262.0,1684.0
92540,213.0,1684.0
92541,258.0,1684.0
92542,136.0,1684.0
92543,41.0,1684.0
92544,121.0,1684.0
92545,241.0,1684.0
92546,59.0,1684.0
92547,219.0,1684.0
92548,274.0,1684.0
92549,192.0,1684.0
92550,68.0,1684.0
92551,150.0,1684.0
92552,316.0,1684.0
92553,78.0,1684.0
92554,166.0,1684.0
92555,153.0,1684.0
92556,115.0,1685.0
92557,120.0,1685.0
92558,186.0,1685.0
92559,257.0,1685.0
92560,246.0,1685.0
92561,80.0,1685.0
92562,340.0,1685.0
92563,152.0,1685.0
92564,191.0,1685.0
92565,213.0,1685.0
92566,150.0,1685.0
92567,198.0,1685.0
92568,151.0,1685.0
92569,267.0,1685.0
92570,20.0,1686.0
92571,208.0,1686.0
92572,29.0,1686.0
92573,250.0,1686.0
92574,147.0,1686.0
92575,146.0,1686.0
92576,61.0,1686.0
92577,91.0,1686.0
92578,250.0,1686.0
92579,272.0,1686.0
92580,25.0,1686.0
99185,82.0,1686.0
92581,88.0,1686.0
92582,249.0,1686.0
92583,20.0,1686.0
92584,254.0,1686.0
92585,234.0,1686.0
92586,121.0,1686.0
92587,49.0,1686.0
92588,248.0,1686.0
92590,282.0,1687.0
92591,200.0,1687.0
92592,26.0,1687.0
92593,279.0,1687.0
92594,80.0,1687.0
92595,217.0,1687.0
92596,191.0,1687.0
92597,204.0,1687.0
92598,265.0,1687.0
92599,279.0,1687.0
92600,256.0,1687.0
92601,13.0,1687.0
92602,223.0,1687.0
92603,289.0,1687.0
92604,118.0,1687.0
92605,112.0,1687.0
92606,165.0,1687.0
92607,220.0,1687.0
92608,112.0,1687.0
92609,150.0,1687.0
92610,118.0,1687.0
92611,163.0,1687.0
92612,108.0,1687.0
92613,160.0,1687.0
92614,110.0,1688.0
92615,153.0,1688.0
92616,245.0,1688.0
92617,300.0,1688.0
92618,219.0,1688.0
92619,150.0,1688.0
92620,274.0,1688.0
92621,205.0,1688.0
92622,160.0,1688.0
92623,208.0,1688.0
92624,222.0,1688.0
92625,25.0,1688.0
92626,24.0,1688.0
92627,100.0,1688.0
92628,15.0,1688.0
92629,14.0,1688.0
92630,227.0,1688.0
92631,15.0,1688.0
92632,150.0,1688.0
92633,302.0,1688.0
92634,277.0,1689.0
92635,150.0,1689.0
92636,246.0,1689.0
92637,259.0,1689.0
92638,250.0,1689.0
92639,329.0,1689.0
92640,330.0,1689.0
92641,99.0,1689.0
92642,280.0,1689.0
92643,244.0,1689.0
92644,182.0,1689.0
92645,285.0,1689.0
92646,223.0,1689.0
92647,322.0,1689.0
92648,227.0,1689.0
92649,38.0,1689.0
92650,171.0,1690.0
92651,333.0,1690.0
92652,182.0,1690.0
92653,140.0,1690.0
92654,191.0,1690.0
92655,156.0,1690.0
92656,242.0,1690.0
92657,378.0,1690.0
92658,418.0,1690.0
92659,207.0,1690.0
92660,78.0,1690.0
92661,289.0,1690.0
92662,130.0,1690.0
92663,279.0,1690.0
92664,227.0,1690.0
92665,40.0,1690.0
92666,178.0,1690.0
92667,250.0,1690.0
92668,102.0,1690.0
92669,155.0,1690.0
92670,150.0,1690.0
92671,247.0,1691.0
92672,306.0,1691.0
92673,244.0,1691.0
92674,134.0,1691.0
92675,143.0,1691.0
92676,154.0,1691.0
92677,254.0,1691.0
92678,299.0,1691.0
92679,122.0,1691.0
92680,114.0,1691.0
92681,305.0,1691.0
92682,259.0,1691.0
92683,287.0,1691.0
92684,275.0,1691.0
92685,177.0,1691.0
92686,123.0,1691.0
92687,248.0,1691.0
92688,20.0,1691.0
92689,300.0,1691.0
92690,238.0,1691.0
92691,316.0,1691.0
92692,80.0,1691.0
92693,50.0,1692.0
92694,75.0,1692.0
92695,333.0,1692.0
92696,80.0,1692.0
92697,268.0,1692.0
92698,200.0,1692.0
92699,255.0,1692.0
92700,10.0,1692.0
92701,50.0,1692.0
92702,187.0,1692.0
92703,452.0,1692.0
92704,202.0,1692.0
92705,257.0,1692.0
92706,206.0,1692.0
92707,10.0,1692.0
92708,304.0,1692.0
92709,286.0,1692.0
92710,266.0,1692.0
92711,10.0,1692.0
92712,144.0,1692.0
92713,32.0,1692.0
92714,245.0,1692.0
92715,181.0,1693.0
92716,175.0,1693.0
92717,273.0,1693.0
92718,75.0,1693.0
92719,203.0,1693.0
92720,151.0,1693.0
92721,250.0,1693.0
92722,277.0,1693.0
92723,200.0,1693.0
92724,223.0,1693.0
92725,190.0,1693.0
92726,10.0,1693.0
92727,343.0,1693.0
92728,251.0,1693.0
92729,21.0,1693.0
92730,330.0,1693.0
92731,325.0,1693.0
92732,326.0,1693.0
92733,216.0,1693.0
92734,243.0,1693.0
92735,287.0,1693.0
92736,291.0,1694.0
92737,303.0,1694.0
92738,242.0,1694.0
92739,24.0,1694.0
92740,100.0,1694.0
92741,219.0,1694.0
92742,186.0,1694.0
92743,205.0,1694.0
92744,337.0,1694.0
92745,262.0,1694.0
92746,108.0,1694.0
92747,250.0,1694.0
92748,323.0,1694.0
92749,172.0,1694.0
92750,194.0,1694.0
92751,241.0,1694.0
92752,214.0,1694.0
92753,344.0,1694.0
92754,180.0,1694.0
92755,265.0,1694.0
92756,74.0,1694.0
92757,261.0,1694.0
92758,162.0,1694.0
92759,297.0,1694.0
92760,225.0,1694.0
92761,297.0,1694.0
92762,190.0,1694.0
92763,185.0,1694.0
92764,28.0,1694.0
92765,107.0,1694.0
92766,305.0,1695.0
92767,97.0,1695.0
92768,75.0,1695.0
92769,14.0,1695.0
92770,183.0,1695.0
92771,187.0,1695.0
92772,250.0,1695.0
92773,133.0,1695.0
92774,223.0,1695.0
92775,244.0,1695.0
92776,182.0,1695.0
92777,189.0,1695.0
92778,274.0,1695.0
92779,175.0,1695.0
92780,75.0,1695.0
92781,39.0,1695.0
92782,38.0,1695.0
92783,170.0,1695.0
92784,225.0,1695.0
92785,291.0,1695.0
92786,142.0,1695.0
92787,50.0,1695.0
92788,192.0,1695.0
92789,278.0,1695.0
92790,80.0,1695.0
92791,244.0,1695.0
92792,243.0,1695.0
92793,228.0,1695.0
92794,273.0,1695.0
92795,251.0,1695.0
92796,193.0,1696.0
92797,40.0,1696.0
92798,265.0,1696.0
92799,150.0,1696.0
92800,140.0,1696.0
92801,55.0,1696.0
92802,16.0,1696.0
92803,188.0,1696.0
92804,240.0,1696.0
92805,300.0,1696.0
92806,282.0,1696.0
92807,272.0,1696.0
92808,227.0,1696.0
92809,243.0,1696.0
92810,197.0,1696.0
92811,142.0,1696.0
92812,328.0,1696.0
92813,150.0,1697.0
92814,240.0,1697.0
92815,48.0,1697.0
92816,114.0,1697.0
92817,237.0,1697.0
92818,246.0,1697.0
92819,190.0,1697.0
92820,233.0,1697.0
92821,218.0,1697.0
92822,330.0,1697.0
92823,150.0,1697.0
92824,150.0,1697.0
92825,253.0,1697.0
92826,195.0,1697.0
92827,13.0,1697.0
92828,75.0,1697.0
92829,267.0,1697.0
92830,293.0,1697.0
92831,275.0,1698.0
92832,50.0,1698.0
92833,175.0,1698.0
92834,240.0,1698.0
92835,144.0,1698.0
92836,234.0,1698.0
92837,177.0,1698.0
92838,184.0,1698.0
92839,245.0,1698.0
92840,188.0,1698.0
92841,87.0,1698.0
92842,333.0,1698.0
92843,305.0,1698.0
92844,194.0,1698.0
92845,201.0,1698.0
92846,175.0,1698.0
92847,75.0,1698.0
92848,228.0,1698.0
92849,184.0,1699.0
92850,157.0,1699.0
92851,244.0,1699.0
92852,200.0,1699.0
92853,125.0,1699.0
92854,209.0,1699.0
92855,141.0,1699.0
92856,25.0,1699.0
92857,182.0,1699.0
92858,294.0,1699.0
92859,226.0,1699.0
92860,243.0,1699.0
92861,50.0,1699.0
92862,239.0,1699.0
92863,235.0,1699.0
92864,103.0,1699.0
92865,48.0,1699.0
92866,294.0,1699.0
92867,86.0,1699.0
92868,221.0,1699.0
92869,200.0,1699.0
92870,288.0,1699.0
92871,65.0,1699.0
92872,174.0,1699.0
92873,204.0,1699.0
92874,67.0,1699.0
92875,40.0,1699.0
92876,87.0,1699.0
92877,200.0,1699.0
92878,110.0,1699.0
92879,294.0,1699.0
92880,96.0,1699.0
92881,298.0,1699.0
92882,222.0,1699.0
92883,251.0,1700.0
92884,239.0,1700.0
92885,241.0,1700.0
92886,78.0,1700.0
92887,207.0,1700.0
92888,40.0,1700.0
92889,267.0,1700.0
92890,188.0,1700.0
92891,104.0,1700.0
92892,260.0,1700.0
92893,263.0,1700.0
92894,334.0,1700.0
92895,249.0,1700.0
92896,255.0,1700.0
92897,14.0,1700.0
92898,216.0,1700.0
92899,141.0,1700.0
92900,220.0,1700.0
92901,75.0,1700.0
92902,215.0,1700.0
92903,79.0,1700.0
92904,206.0,1700.0
92905,177.0,1700.0
92906,213.0,1700.0
92907,175.0,1700.0
92908,134.0,1700.0
92909,161.0,1700.0
92910,162.0,1700.0
92911,167.0,1700.0
92912,234.0,1700.0
92942,230.0,1701.0
92913,125.0,1701.0
92914,87.0,1701.0
92915,238.0,1701.0
92916,214.0,1701.0
92917,156.0,1701.0
92918,154.0,1701.0
92919,122.0,1701.0
92920,184.0,1701.0
92921,156.0,1701.0
92922,210.0,1701.0
92923,280.0,1701.0
92924,204.0,1701.0
92925,108.0,1701.0
92926,210.0,1701.0
92927,216.0,1701.0
92928,253.0,1701.0
92929,200.0,1701.0
92930,81.0,1701.0
92931,217.0,1701.0
92932,14.0,1701.0
92933,105.0,1701.0
92934,232.0,1701.0
92935,138.0,1701.0
92936,162.0,1701.0
92937,200.0,1701.0
92938,247.0,1701.0
92939,291.0,1701.0
92940,150.0,1701.0
92941,265.0,1701.0
92943,324.0,1702.0
92944,324.0,1702.0
92945,137.0,1702.0
92946,180.0,1702.0
92947,170.0,1702.0
92948,172.0,1702.0
92949,264.0,1702.0
92950,21.0,1702.0
92951,269.0,1702.0
92952,236.0,1702.0
92953,24.0,1702.0
92954,146.0,1702.0
92955,100.0,1702.0
92956,136.0,1702.0
92957,24.0,1702.0
92958,24.0,1702.0
92959,229.0,1702.0
92960,235.0,1702.0
92961,159.0,1702.0
92962,158.0,1703.0
92963,213.0,1703.0
92964,104.0,1703.0
92965,104.0,1703.0
92966,144.0,1703.0
92967,129.0,1703.0
92968,155.0,1703.0
92969,200.0,1703.0
92970,244.0,1703.0
92971,276.0,1703.0
92972,154.0,1703.0
92973,229.0,1703.0
92974,200.0,1703.0
92975,217.0,1703.0
92976,169.0,1703.0
92977,158.0,1703.0
92978,157.0,1703.0
92979,296.0,1703.0
92980,154.0,1703.0
92981,205.0,1703.0
92982,190.0,1703.0
92983,152.0,1703.0
92984,193.0,1703.0
92985,236.0,1703.0
92986,15.0,1703.0
92987,13.0,1703.0
92988,225.0,1703.0
92989,84.0,1703.0
92990,206.0,1703.0
92991,150.0,1703.0
92992,111.0,1703.0
92993,60.0,1704.0
92994,168.0,1704.0
92995,250.0,1704.0
92996,224.0,1704.0
92997,193.0,1704.0
92998,14.0,1704.0
92999,130.0,1704.0
93000,16.0,1704.0
93001,253.0,1704.0
93002,256.0,1704.0
93003,125.0,1704.0
93004,158.0,1704.0
93005,183.0,1704.0
93006,282.0,1704.0
93007,200.0,1704.0
93008,165.0,1704.0
93009,206.0,1704.0
93010,156.0,1704.0
93011,291.0,1704.0
93012,226.0,1704.0
93013,227.0,1704.0
93014,245.0,1704.0
93015,246.0,1704.0
93016,312.0,1704.0
93017,135.0,1704.0
93018,215.0,1704.0
93019,171.0,1704.0
93020,105.0,1705.0
93021,150.0,1705.0
93022,125.0,1705.0
93023,166.0,1705.0
93024,167.0,1705.0
93025,160.0,1705.0
93026,261.0,1705.0
93027,267.0,1705.0
93028,136.0,1705.0
93029,164.0,1705.0
93030,148.0,1705.0
93031,222.0,1705.0
93032,215.0,1705.0
93033,158.0,1705.0
93034,194.0,1705.0
93035,200.0,1705.0
93036,162.0,1705.0
93037,221.0,1705.0
93038,160.0,1705.0
93039,225.0,1705.0
93040,206.0,1705.0
93041,213.0,1705.0
93042,227.0,1705.0
93043,310.0,1705.0
93044,248.0,1705.0
93045,234.0,1705.0
93046,242.0,1705.0
93047,133.0,1705.0
93048,200.0,1706.0
93049,136.0,1706.0
93050,200.0,1706.0
93051,212.0,1706.0
93052,200.0,1706.0
93053,209.0,1706.0
93054,170.0,1706.0
93055,168.0,1706.0
93056,259.0,1706.0
93057,194.0,1706.0
93058,227.0,1706.0
93059,67.0,1706.0
93060,170.0,1706.0
93061,222.0,1706.0
93062,162.0,1706.0
93063,230.0,1706.0
93064,171.0,1706.0
93065,163.0,1706.0
93066,200.0,1706.0
93067,226.0,1706.0
93068,98.0,1706.0
93069,775.0,1706.0
93070,149.0,1706.0
93071,325.0,1706.0
93072,236.0,1706.0
93073,187.0,1706.0
93074,141.0,1706.0
93075,54.0,1706.0
93076,176.0,1707.0
93077,217.0,1707.0
93078,164.0,1707.0
93079,254.0,1707.0
93080,218.0,1707.0
93081,175.0,1707.0
93082,227.0,1707.0
93096,227.0,1707.0
93083,293.0,1707.0
93084,200.0,1707.0
93085,209.0,1707.0
93086,160.0,1707.0
93087,133.0,1707.0
93088,150.0,1707.0
93089,265.0,1707.0
93090,280.0,1707.0
93091,200.0,1707.0
93092,260.0,1707.0
93093,223.0,1707.0
93094,100.0,1707.0
93095,25.0,1707.0
93097,15.0,1707.0
93098,179.0,1707.0
93099,154.0,1707.0
93100,229.0,1707.0
93101,253.0,1707.0
93102,153.0,1707.0
93103,200.0,1707.0
93104,242.0,1707.0
93105,225.0,1708.0
93106,240.0,1708.0
93107,157.0,1708.0
93108,150.0,1708.0
93109,264.0,1708.0
93110,163.0,1708.0
93111,130.0,1708.0
93112,219.0,1708.0
93113,163.0,1708.0
93114,247.0,1708.0
93115,146.0,1708.0
93116,175.0,1708.0
93117,171.0,1708.0
93118,222.0,1708.0
93119,303.0,1708.0
93120,240.0,1708.0
93121,27.0,1708.0
93122,20.0,1708.0
93123,15.0,1708.0
93124,111.0,1708.0
93125,167.0,1708.0
93126,246.0,1708.0
93127,18.0,1708.0
93128,15.0,1708.0
93129,235.0,1709.0
93130,250.0,1709.0
93131,156.0,1709.0
93132,236.0,1709.0
93133,159.0,1709.0
93134,257.0,1709.0
93135,170.0,1709.0
93136,281.0,1709.0
93137,225.0,1709.0
93138,250.0,1709.0
93139,158.0,1709.0
93140,150.0,1709.0
93141,257.0,1709.0
93142,275.0,1709.0
93143,160.0,1709.0
93144,269.0,1709.0
93145,231.0,1709.0
93146,164.0,1709.0
93147,159.0,1709.0
93148,25.0,1709.0
93149,92.0,1709.0
93150,104.0,1709.0
93151,268.0,1709.0
93152,298.0,1709.0
93153,239.0,1709.0
93154,153.0,1709.0
93155,250.0,1710.0
93156,244.0,1710.0
93157,246.0,1710.0
93158,243.0,1710.0
93159,139.0,1710.0
93160,163.0,1710.0
93161,163.0,1710.0
93162,154.0,1710.0
93163,281.0,1710.0
93164,295.0,1710.0
93165,170.0,1710.0
93166,290.0,1710.0
93167,205.0,1710.0
93168,243.0,1710.0
93169,207.0,1710.0
93170,165.0,1710.0
93171,168.0,1710.0
93172,152.0,1710.0
93173,55.0,1710.0
93174,155.0,1710.0
93175,153.0,1710.0
93176,284.0,1710.0
93177,162.0,1710.0
93178,272.0,1710.0
93179,251.0,1710.0
93180,271.0,1710.0
93181,90.0,1710.0
93182,225.0,1710.0
93183,225.0,1710.0
93184,125.0,1710.0
93185,103.0,1710.0
93186,105.0,1710.0
93187,169.0,1711.0
93188,260.0,1711.0
93189,225.0,1711.0
93190,157.0,1711.0
93191,128.0,1711.0
93192,232.0,1711.0
93193,150.0,1711.0
93194,232.0,1711.0
93195,225.0,1711.0
93196,241.0,1711.0
93197,282.0,1711.0
93198,290.0,1711.0
93199,221.0,1711.0
93200,190.0,1711.0
93201,250.0,1711.0
93202,180.0,1711.0
93203,258.0,1711.0
93204,273.0,1711.0
93205,319.0,1711.0
93206,224.0,1711.0
93207,286.0,1711.0
93208,25.0,1711.0
93209,100.0,1711.0
93210,236.0,1711.0
93211,300.0,1711.0
93212,138.0,1711.0
93213,115.0,1711.0
93214,255.0,1712.0
93215,167.0,1712.0
93216,184.0,1712.0
93217,319.0,1712.0
93218,225.0,1712.0
93219,289.0,1712.0
93220,260.0,1712.0
93221,168.0,1712.0
93222,297.0,1712.0
93223,251.0,1712.0
93224,263.0,1712.0
93225,163.0,1712.0
93226,163.0,1712.0
93227,154.0,1712.0
93228,109.0,1712.0
93229,230.0,1712.0
93230,262.0,1712.0
93231,163.0,1712.0
93232,179.0,1712.0
93233,248.0,1712.0
93234,105.0,1712.0
93235,123.0,1712.0
93236,133.0,1712.0
93237,158.0,1712.0
93238,292.0,1712.0
93239,200.0,1713.0
93240,215.0,1713.0
93241,229.0,1713.0
93242,278.0,1713.0
93243,172.0,1713.0
93244,282.0,1713.0
93245,168.0,1713.0
93246,150.0,1713.0
93247,219.0,1713.0
93248,219.0,1713.0
93249,171.0,1713.0
93250,209.0,1713.0
93251,79.0,1713.0
93252,80.0,1713.0
93253,225.0,1713.0
93254,177.0,1713.0
93255,305.0,1713.0
93256,159.0,1713.0
93257,200.0,1713.0
93258,152.0,1713.0
93259,150.0,1713.0
93260,173.0,1713.0
93261,57.0,1713.0
93262,129.0,1713.0
93263,172.0,1713.0
93264,131.0,1713.0
93265,130.0,1714.0
93266,183.0,1714.0
93267,127.0,1714.0
93268,175.0,1714.0
93269,191.0,1714.0
93270,131.0,1714.0
93271,215.0,1714.0
93272,134.0,1714.0
93273,233.0,1714.0
93274,181.0,1714.0
93275,183.0,1714.0
93276,139.0,1714.0
93277,114.0,1714.0
93278,193.0,1714.0
93279,184.0,1714.0
93280,184.0,1714.0
93281,132.0,1714.0
93282,198.0,1714.0
93283,132.0,1714.0
93284,187.0,1714.0
93285,219.0,1714.0
93286,101.0,1714.0
93287,219.0,1714.0
91598,50.0,1714.0
91599,138.0,1714.0
93288,135.0,1714.0
91600,134.0,1715.0
91601,128.0,1715.0
91602,175.0,1715.0
91603,216.0,1715.0
91604,130.0,1715.0
91605,146.0,1715.0
91606,179.0,1715.0
91607,129.0,1715.0
91608,125.0,1715.0
91609,189.0,1715.0
93289,147.0,1715.0
93290,175.0,1715.0
93291,192.0,1715.0
93292,187.0,1715.0
93293,175.0,1715.0
93294,136.0,1715.0
93295,180.0,1715.0
93296,137.0,1715.0
93297,133.0,1715.0
93298,200.0,1715.0
93299,140.0,1715.0
93300,190.0,1715.0
93301,189.0,1715.0
93302,205.0,1715.0
93303,83.0,1715.0
93304,209.0,1715.0
93305,249.0,1715.0
93306,166.0,1715.0
93307,55.0,1716.0
93308,232.0,1716.0
93309,208.0,1716.0
93310,153.0,1716.0
93311,168.0,1716.0
93312,108.0,1716.0
93313,208.0,1716.0
93314,238.0,1716.0
93315,238.0,1716.0
93316,175.0,1716.0
93317,209.0,1716.0
93318,243.0,1716.0
93319,217.0,1716.0
93320,174.0,1716.0
93321,253.0,1716.0
93322,126.0,1716.0
93323,209.0,1716.0
93324,146.0,1716.0
93325,82.0,1716.0
93326,212.0,1716.0
93327,166.0,1716.0
93328,205.0,1716.0
93329,154.0,1716.0
93330,227.0,1716.0
93331,208.0,1716.0
93332,159.0,1716.0
93333,150.0,1716.0
93334,228.0,1716.0
93335,222.0,1716.0
93336,133.0,1716.0
93337,129.0,1716.0
93338,159.0,1716.0
93339,165.0,1716.0
93340,202.0,1716.0
93341,156.0,1717.0
93342,155.0,1717.0
93343,200.0,1717.0
93344,248.0,1717.0
93345,249.0,1717.0
93346,168.0,1717.0
93347,254.0,1717.0
93348,206.0,1717.0
93349,164.0,1717.0
93350,220.0,1717.0
93351,174.0,1717.0
93352,214.0,1717.0
93353,200.0,1717.0
93354,112.0,1717.0
93355,217.0,1717.0
93356,170.0,1717.0
93357,162.0,1717.0
93358,325.0,1717.0
93359,161.0,1717.0
93360,223.0,1717.0
93361,263.0,1717.0
93362,259.0,1717.0
93363,127.0,1717.0
93364,313.0,1717.0
93365,186.0,1717.0
93366,271.0,1717.0
93367,53.0,1717.0
93368,183.0,1717.0
93369,251.0,1717.0
93370,183.0,1717.0
93371,257.0,1717.0
93372,263.0,1717.0
93373,315.0,1717.0
93374,191.0,1717.0
93375,190.0,1718.0
93376,201.0,1718.0
93377,254.0,1718.0
93378,144.0,1718.0
93379,299.0,1718.0
93380,250.0,1718.0
93381,193.0,1718.0
93382,205.0,1718.0
93383,308.0,1718.0
93384,316.0,1718.0
93385,259.0,1718.0
93386,262.0,1718.0
93387,251.0,1718.0
93388,266.0,1718.0
93389,201.0,1718.0
93390,193.0,1718.0
93391,197.0,1718.0
93392,192.0,1718.0
93393,196.0,1718.0
93394,193.0,1718.0
93395,191.0,1718.0
93396,126.0,1718.0
93397,250.0,1718.0
93398,191.0,1718.0
93399,255.0,1718.0
93400,74.0,1718.0
93401,328.0,1718.0
93402,186.0,1718.0
93403,299.0,1718.0
93404,135.0,1718.0
93405,189.0,1718.0
93406,252.0,1718.0
93407,257.0,1718.0
93408,184.0,1718.0
93409,330.0,1718.0
93410,194.0,1718.0
93411,318.0,1718.0
93412,227.0,1718.0
93413,310.0,1719.0
93414,120.0,1719.0
93415,267.0,1719.0
93416,278.0,1719.0
93417,258.0,1719.0
93418,297.0,1719.0
93419,183.0,1719.0
93420,250.0,1719.0
93421,259.0,1719.0
93422,250.0,1719.0
93423,258.0,1719.0
93424,179.0,1719.0
93425,319.0,1719.0
93426,208.0,1719.0
93427,247.0,1719.0
93428,180.0,1719.0
93429,202.0,1719.0
93430,68.0,1719.0
93431,203.0,1719.0
93432,183.0,1719.0
93433,253.0,1719.0
93434,163.0,1719.0
93435,318.0,1719.0
93436,101.0,1719.0
93437,312.0,1719.0
93438,182.0,1719.0
93439,127.0,1719.0
93440,254.0,1719.0
93441,269.0,1719.0
93442,314.0,1719.0
93443,178.0,1719.0
93444,184.0,1719.0
93445,274.0,1719.0
93446,193.0,1719.0
93447,182.0,1719.0
93448,266.0,1719.0
93449,261.0,1719.0
93450,188.0,1719.0
93451,180.0,1719.0
93452,260.0,1719.0
93453,183.0,1719.0
93454,191.0,1719.0
93455,191.0,1719.0
93456,324.0,1719.0
93457,250.0,1719.0
93458,333.0,1719.0
93459,250.0,1719.0
93460,186.0,1719.0
93461,27.0,1720.0
93462,27.0,1720.0
93463,184.0,1720.0
93464,189.0,1720.0
93465,344.0,1720.0
93466,267.0,1720.0
93467,182.0,1720.0
93468,265.0,1720.0
93469,256.0,1720.0
93470,254.0,1720.0
93471,220.0,1720.0
93472,184.0,1720.0
93473,79.0,1720.0
93474,281.0,1720.0
93475,283.0,1720.0
93476,273.0,1720.0
93477,431.0,1720.0
93478,27.0,1720.0
93479,148.0,1720.0
93480,284.0,1720.0
93481,138.0,1720.0
93482,177.0,1720.0
93483,264.0,1720.0
93484,188.0,1721.0
93485,378.0,1721.0
93486,187.0,1721.0
93487,267.0,1721.0
93488,218.0,1721.0
93489,85.0,1721.0
93490,300.0,1721.0
93491,349.0,1721.0
93492,264.0,1721.0
93493,279.0,1721.0
93494,251.0,1721.0
93495,189.0,1721.0
93496,250.0,1721.0
93497,249.0,1721.0
93498,128.0,1721.0
93499,332.0,1721.0
93500,258.0,1721.0
93501,213.0,1721.0
93502,175.0,1721.0
93503,250.0,1721.0
93504,199.0,1721.0
93505,218.0,1721.0
93506,195.0,1721.0
93507,294.0,1721.0
93508,199.0,1721.0
93509,266.0,1721.0
93510,300.0,1721.0
93511,228.0,1721.0
93512,180.0,1721.0
93513,256.0,1721.0
93514,270.0,1721.0
93515,300.0,1721.0
93516,71.0,1721.0
93517,150.0,1721.0
93518,136.0,1721.0
93519,256.0,1721.0
93520,250.0,1721.0
93521,153.0,1721.0
93522,257.0,1721.0
93523,150.0,1721.0
93524,250.0,1721.0
93525,250.0,1721.0
93526,169.0,1721.0
93527,225.0,1721.0
93528,282.0,1721.0
93529,258.0,1721.0
93530,266.0,1721.0
93531,150.0,1721.0
93532,150.0,1721.0
93533,150.0,1721.0
93534,167.0,1722.0
93535,275.0,1722.0
93536,275.0,1722.0
93537,225.0,1722.0
93538,150.0,1722.0
93539,275.0,1722.0
93540,50.0,1722.0
93541,298.0,1722.0
93542,225.0,1722.0
93543,225.0,1722.0
93544,203.0,1722.0
93545,312.0,1722.0
93546,258.0,1722.0
93547,292.0,1722.0
93548,254.0,1722.0
93549,154.0,1722.0
93550,358.0,1722.0
93551,291.0,1722.0
93552,177.0,1722.0
93553,183.0,1722.0
93554,190.0,1722.0
93555,185.0,1722.0
93556,175.0,1722.0
93557,162.0,1722.0
93558,155.0,1722.0
93559,300.0,1722.0
93560,124.0,1722.0
93561,262.0,1722.0
93562,153.0,1723.0
93563,240.0,1723.0
93564,229.0,1723.0
93565,231.0,1723.0
93566,289.0,1723.0
93567,156.0,1723.0
93568,225.0,1723.0
93569,150.0,1723.0
93570,117.0,1723.0
93571,197.0,1723.0
93572,150.0,1723.0
93573,156.0,1723.0
93574,286.0,1723.0
93575,73.0,1723.0
91610,292.0,1723.0
93576,91.0,1723.0
93577,171.0,1723.0
93578,174.0,1723.0
93579,251.0,1723.0
91611,239.0,1723.0
91612,31.0,1723.0
91613,163.0,1723.0
91614,227.0,1723.0
91615,250.0,1723.0
91616,158.0,1723.0
91617,163.0,1723.0
93595,225.0,1723.0
91618,170.0,1723.0
91619,159.0,1723.0
93580,154.0,1723.0
93581,150.0,1723.0
93582,146.0,1723.0
93583,150.0,1723.0
93584,155.0,1723.0
93585,29.0,1723.0
93586,91.0,1723.0
93587,166.0,1723.0
93588,224.0,1723.0
93589,225.0,1723.0
93590,275.0,1723.0
93591,150.0,1723.0
93592,225.0,1723.0
93593,225.0,1723.0
93594,150.0,1723.0
93596,275.0,1723.0
93597,237.0,1723.0
93598,247.0,1723.0
93599,313.0,1723.0
93600,321.0,1723.0
93601,225.0,1724.0
93602,150.0,1724.0
93603,306.0,1724.0
93604,275.0,1724.0
93605,275.0,1724.0
93606,297.0,1724.0
93607,225.0,1724.0
93608,143.0,1724.0
93609,279.0,1724.0
93610,280.0,1724.0
93611,151.0,1724.0
93612,92.0,1724.0
93613,150.0,1724.0
93614,257.0,1724.0
93615,223.0,1724.0
93616,166.0,1724.0
93617,152.0,1724.0
93618,166.0,1724.0
93619,233.0,1724.0
93620,267.0,1724.0
93621,168.0,1724.0
93622,66.0,1724.0
93623,148.0,1724.0
93624,332.0,1724.0
93625,215.0,1724.0
93670,240.0,1724.0
93671,247.0,1724.0
93672,221.0,1724.0
93673,155.0,1724.0
93674,299.0,1724.0
93675,157.0,1724.0
93676,166.0,1724.0
93677,257.0,1724.0
93678,275.0,1724.0
93679,130.0,1724.0
93680,151.0,1724.0
93681,194.0,1724.0
93682,250.0,1724.0
93683,143.0,1724.0
93684,205.0,1724.0
93685,136.0,1724.0
93686,261.0,1724.0
93687,30.0,1724.0
93688,130.0,1724.0
93689,200.0,1724.0
93690,30.0,1724.0
93691,200.0,1725.0
93692,258.0,1725.0
93693,210.0,1725.0
93694,130.0,1725.0
93695,208.0,1725.0
93696,264.0,1725.0
93697,145.0,1725.0
93698,189.0,1725.0
93699,213.0,1725.0
93700,195.0,1725.0
93701,60.0,1725.0
93702,130.0,1725.0
93703,130.0,1725.0
93704,200.0,1725.0
93705,200.0,1725.0
93706,200.0,1725.0
93707,290.0,1725.0
93708,154.0,1725.0
93709,235.0,1725.0
93710,148.0,1725.0
93711,69.0,1725.0
93712,200.0,1725.0
93713,207.0,1725.0
93714,211.0,1725.0
93715,134.0,1725.0
93716,126.0,1725.0
93717,255.0,1725.0
93718,209.0,1725.0
93719,132.0,1725.0
93720,208.0,1725.0
93721,139.0,1725.0
93722,128.0,1725.0
93723,154.0,1725.0
93724,147.0,1725.0
93725,136.0,1726.0
93726,259.0,1726.0
93727,200.0,1726.0
93728,143.0,1726.0
93729,200.0,1726.0
93730,216.0,1726.0
93731,261.0,1726.0
93732,134.0,1726.0
93733,270.0,1726.0
93734,259.0,1726.0
93735,214.0,1726.0
93736,146.0,1726.0
93737,215.0,1726.0
93738,216.0,1726.0
93739,225.0,1726.0
93740,140.0,1726.0
93741,211.0,1726.0
93742,141.0,1726.0
93743,266.0,1726.0
93744,219.0,1726.0
93745,208.0,1726.0
93746,150.0,1726.0
93747,65.0,1726.0
93748,200.0,1726.0
93749,141.0,1726.0
93750,210.0,1726.0
93751,261.0,1726.0
93752,223.0,1726.0
93753,201.0,1726.0
93754,205.0,1726.0
93755,148.0,1726.0
93756,206.0,1726.0
93757,213.0,1726.0
93758,205.0,1726.0
93759,147.0,1726.0
93760,138.0,1726.0
93761,254.0,1726.0
93762,230.0,1726.0
93763,131.0,1727.0
93764,201.0,1727.0
93765,61.0,1727.0
93766,206.0,1727.0
93767,262.0,1727.0
93768,200.0,1727.0
93769,145.0,1727.0
93770,260.0,1727.0
93771,201.0,1727.0
93772,274.0,1727.0
93773,137.0,1727.0
93774,138.0,1727.0
93775,259.0,1727.0
93776,142.0,1727.0
93777,104.0,1727.0
93778,100.0,1727.0
93779,250.0,1727.0
93780,219.0,1727.0
93781,137.0,1727.0
93782,218.0,1727.0
93783,259.0,1727.0
93784,210.0,1727.0
93785,168.0,1727.0
93786,135.0,1727.0
93787,136.0,1727.0
93788,114.0,1727.0
93789,224.0,1727.0
93790,182.0,1727.0
93791,180.0,1727.0
93792,145.0,1727.0
93793,132.0,1727.0
93794,127.0,1727.0
93795,227.0,1727.0
93796,222.0,1727.0
93797,137.0,1727.0
93798,167.0,1728.0
93799,244.0,1728.0
93800,188.0,1728.0
93801,197.0,1728.0
93802,66.0,1728.0
93803,231.0,1728.0
93804,180.0,1728.0
93805,227.0,1728.0
93806,180.0,1728.0
93807,190.0,1728.0
93808,180.0,1728.0
93809,180.0,1728.0
93810,120.0,1728.0
93811,220.0,1728.0
93812,173.0,1728.0
93813,126.0,1728.0
93814,142.0,1728.0
93815,182.0,1728.0
93816,147.0,1728.0
93817,182.0,1728.0
93818,193.0,1728.0
93819,241.0,1728.0
93820,219.0,1728.0
93821,136.0,1728.0
93822,151.0,1728.0
93823,230.0,1728.0
93824,139.0,1728.0
93825,138.0,1728.0
93826,208.0,1728.0
93827,226.0,1728.0
93828,138.0,1728.0
93829,182.0,1728.0
93830,186.0,1728.0
93831,154.0,1728.0
93832,141.0,1728.0
93833,201.0,1728.0
93834,147.0,1728.0
93835,132.0,1728.0
93836,147.0,1728.0
93837,85.0,1728.0
93838,185.0,1728.0
93839,224.0,1728.0
93840,138.0,1728.0
93841,141.0,1729.0
93842,180.0,1729.0
93843,219.0,1729.0
93844,278.0,1729.0
93845,272.0,1729.0
93846,170.0,1729.0
93847,130.0,1729.0
93848,225.0,1729.0
93849,315.0,1729.0
93850,150.0,1729.0
93851,180.0,1729.0
93852,240.0,1729.0
93853,167.0,1729.0
93854,260.0,1729.0
93855,64.0,1729.0
93856,182.0,1729.0
93857,184.0,1729.0
93858,224.0,1729.0
93859,153.0,1729.0
93860,167.0,1729.0
93861,169.0,1729.0
93862,164.0,1729.0
93863,216.0,1729.0
93864,85.0,1729.0
93865,90.0,1729.0
93866,255.0,1729.0
93867,214.0,1729.0
93868,163.0,1729.0
93869,190.0,1729.0
93870,257.0,1729.0
93871,233.0,1729.0
93872,261.0,1730.0
93873,40.0,1730.0
93874,225.0,1730.0
93875,210.0,1730.0
93876,263.0,1730.0
93877,211.0,1730.0
93878,200.0,1730.0
93879,200.0,1730.0
93880,154.0,1730.0
93881,206.0,1730.0
93626,183.0,1730.0
93627,182.0,1730.0
93628,272.0,1730.0
93629,254.0,1730.0
93630,193.0,1730.0
93631,92.0,1730.0
93632,213.0,1730.0
93633,311.0,1730.0
93634,220.0,1730.0
93635,81.0,1730.0
93636,250.0,1730.0
93637,252.0,1730.0
93638,199.0,1730.0
93639,191.0,1730.0
93640,212.0,1730.0
93641,312.0,1730.0
93642,84.0,1730.0
93643,193.0,1730.0
93644,85.0,1730.0
93645,188.0,1730.0
93646,247.0,1730.0
93647,183.0,1730.0
93648,100.0,1730.0
93649,100.0,1730.0
93650,189.0,1730.0
93651,206.0,1730.0
93652,331.0,1730.0
93653,295.0,1730.0
93654,216.0,1730.0
93655,305.0,1730.0
93656,240.0,1730.0
93657,306.0,1730.0
93658,286.0,1731.0
93659,185.0,1731.0
93660,190.0,1731.0
93661,188.0,1731.0
93662,254.0,1731.0
93663,180.0,1731.0
93664,180.0,1731.0
93665,302.0,1731.0
93666,240.0,1731.0
93667,346.0,1731.0
93668,373.0,1731.0
93669,297.0,1731.0
93882,187.0,1731.0
93883,299.0,1731.0
93884,190.0,1731.0
93885,286.0,1731.0
93886,206.0,1731.0
93887,187.0,1731.0
93888,320.0,1731.0
93889,88.0,1731.0
93890,186.0,1731.0
93891,302.0,1731.0
93892,241.0,1731.0
93893,168.0,1731.0
93894,194.0,1731.0
93895,78.0,1731.0
93896,230.0,1731.0
93897,241.0,1731.0
93898,237.0,1731.0
93899,242.0,1731.0
93900,100.0,1732.0
93901,100.0,1732.0
93902,251.0,1732.0
93903,100.0,1732.0
93904,248.0,1732.0
93905,210.0,1732.0
93906,288.0,1732.0
93907,148.0,1732.0
93908,278.0,1732.0
93909,289.0,1732.0
93910,213.0,1732.0
93911,158.0,1732.0
93912,152.0,1732.0
93913,286.0,1732.0
93914,163.0,1732.0
93915,225.0,1732.0
93916,225.0,1732.0
93917,277.0,1732.0
93918,255.0,1732.0
93919,190.0,1732.0
93920,150.0,1732.0
93921,208.0,1732.0
93922,193.0,1732.0
93923,242.0,1732.0
93924,159.0,1732.0
93925,308.0,1732.0
93926,99.0,1732.0
93927,87.0,1732.0
93928,205.0,1732.0
93929,177.0,1732.0
93930,237.0,1732.0
93931,307.0,1732.0
93932,162.0,1732.0
93933,100.0,1732.0
93934,100.0,1732.0
93935,100.0,1732.0
93936,150.0,1732.0
93937,257.0,1732.0
93938,356.0,1732.0
93939,257.0,1733.0
93940,99.0,1733.0
93941,100.0,1733.0
93942,225.0,1733.0
93943,244.0,1733.0
93944,294.0,1733.0
93945,214.0,1733.0
93946,225.0,1733.0
93947,242.0,1733.0
93948,232.0,1733.0
93949,167.0,1733.0
93950,369.0,1733.0
93951,165.0,1733.0
93952,221.0,1733.0
93953,191.0,1733.0
93954,150.0,1733.0
93955,130.0,1733.0
93956,150.0,1733.0
93957,272.0,1733.0
93958,150.0,1733.0
93959,197.0,1733.0
93960,225.0,1733.0
93961,179.0,1733.0
93962,294.0,1733.0
93963,155.0,1733.0
93964,184.0,1733.0
93965,254.0,1733.0
93966,206.0,1733.0
93967,259.0,1734.0
93968,335.0,1734.0
93969,176.0,1734.0
93970,268.0,1734.0
93971,187.0,1734.0
93972,192.0,1734.0
93973,100.0,1734.0
93974,252.0,1734.0
93975,250.0,1734.0
93976,312.0,1734.0
93977,203.0,1734.0
93978,250.0,1734.0
93979,186.0,1734.0
93980,265.0,1734.0
93981,300.0,1734.0
93982,246.0,1734.0
93983,326.0,1734.0
93984,189.0,1734.0
93985,108.0,1734.0
93986,178.0,1734.0
93987,281.0,1734.0
93988,194.0,1734.0
93989,172.0,1734.0
93990,168.0,1734.0
93991,179.0,1734.0
93992,186.0,1734.0
93993,173.0,1734.0
93994,229.0,1734.0
93995,173.0,1734.0
93996,250.0,1734.0
93997,220.0,1734.0
93998,232.0,1734.0
93999,311.0,1734.0
94000,226.0,1734.0
94001,163.0,1734.0
94002,194.0,1734.0
94003,185.0,1734.0
94004,173.0,1734.0
94005,180.0,1734.0
94006,190.0,1734.0
94007,103.0,1734.0
94008,272.0,1734.0
94009,209.0,1734.0
94010,281.0,1734.0
94011,322.0,1734.0
94012,185.0,1735.0
94013,250.0,1735.0
94014,204.0,1735.0
94015,175.0,1735.0
94016,256.0,1735.0
94017,320.0,1735.0
94018,258.0,1735.0
94019,187.0,1735.0
94020,182.0,1735.0
94021,100.0,1735.0
94022,202.0,1735.0
94023,187.0,1735.0
94024,278.0,1735.0
94025,192.0,1735.0
94026,205.0,1735.0
94027,256.0,1735.0
94028,252.0,1735.0
94029,274.0,1735.0
94030,181.0,1735.0
94031,304.0,1735.0
94032,278.0,1735.0
94033,210.0,1735.0
94034,113.0,1735.0
94035,195.0,1735.0
94036,356.0,1735.0
94037,198.0,1735.0
94038,306.0,1735.0
94039,266.0,1735.0
94040,137.0,1735.0
94041,197.0,1735.0
94042,255.0,1735.0
94043,198.0,1735.0
94044,188.0,1735.0
94045,195.0,1735.0
94046,175.0,1736.0
94047,107.0,1736.0
94048,353.0,1736.0
94049,208.0,1736.0
94050,175.0,1736.0
94051,201.0,1736.0
94052,300.0,1736.0
94053,256.0,1736.0
94054,300.0,1736.0
94055,263.0,1736.0
94056,188.0,1736.0
94057,250.0,1736.0
94058,250.0,1736.0
94059,250.0,1736.0
94060,266.0,1736.0
94061,202.0,1736.0
94062,201.0,1736.0
94063,259.0,1736.0
94064,127.0,1736.0
94065,175.0,1736.0
94066,225.0,1736.0
94067,178.0,1736.0
94068,191.0,1736.0
94069,278.0,1736.0
94070,181.0,1736.0
94071,247.0,1736.0
94072,240.0,1736.0
94073,170.0,1736.0
94074,186.0,1736.0
94075,272.0,1736.0
94076,257.0,1736.0
94077,174.0,1736.0
94078,253.0,1736.0
94079,194.0,1736.0
94080,111.0,1737.0
94081,298.0,1737.0
94082,273.0,1737.0
94083,219.0,1737.0
94084,203.0,1737.0
94085,246.0,1737.0
94086,177.0,1737.0
94087,256.0,1737.0
94088,181.0,1737.0
94089,267.0,1737.0
94090,347.0,1737.0
94091,138.0,1737.0
94092,175.0,1737.0
94093,124.0,1737.0
94094,240.0,1737.0
94095,192.0,1737.0
94096,187.0,1737.0
94097,190.0,1737.0
94098,209.0,1737.0
94099,203.0,1737.0
94100,202.0,1737.0
94101,205.0,1737.0
94102,333.0,1737.0
94103,247.0,1737.0
94104,199.0,1737.0
94105,161.0,1737.0
94106,212.0,1737.0
94107,219.0,1737.0
94108,176.0,1737.0
94109,225.0,1737.0
94110,163.0,1737.0
94111,136.0,1737.0
94112,184.0,1737.0
94113,252.0,1737.0
94114,237.0,1737.0
94115,243.0,1737.0
94116,248.0,1737.0
94117,190.0,1737.0
94118,250.0,1737.0
94119,187.0,1737.0
94120,128.0,1737.0
94121,322.0,1737.0
94122,194.0,1737.0
94123,189.0,1737.0
94124,194.0,1737.0
94125,279.0,1737.0
94126,215.0,1737.0
94127,267.0,1737.0
94128,73.0,1737.0
94129,185.0,1737.0
94130,293.0,1737.0
94131,175.0,1738.0
94132,258.0,1738.0
94133,250.0,1738.0
94134,242.0,1738.0
94135,194.0,1738.0
94136,179.0,1738.0
94137,182.0,1738.0
94138,175.0,1738.0
94139,321.0,1738.0
94140,274.0,1738.0
94141,263.0,1738.0
94142,272.0,1738.0
94143,193.0,1738.0
94144,105.0,1738.0
94145,185.0,1738.0
94146,168.0,1738.0
94147,250.0,1738.0
94148,198.0,1738.0
94149,152.0,1738.0
94150,168.0,1738.0
94151,187.0,1738.0
94152,234.0,1738.0
94153,171.0,1738.0
94154,242.0,1738.0
94155,313.0,1738.0
94156,227.0,1738.0
94157,123.0,1738.0
94158,227.0,1738.0
94159,243.0,1738.0
94160,188.0,1738.0
94161,184.0,1738.0
94162,194.0,1738.0
94163,188.0,1738.0
94164,196.0,1738.0
94165,193.0,1738.0
94166,117.0,1738.0
94167,275.0,1738.0
94168,113.0,1738.0
94169,269.0,1738.0
94170,202.0,1738.0
94171,107.0,1738.0
94172,227.0,1738.0
94173,282.0,1738.0
94174,110.0,1738.0
94175,193.0,1738.0
94176,227.0,1739.0
94177,187.0,1739.0
94178,256.0,1739.0
94179,227.0,1739.0
94180,194.0,1739.0
94181,185.0,1739.0
94182,131.0,1739.0
94183,200.0,1739.0
94184,266.0,1739.0
94185,257.0,1739.0
94186,321.0,1739.0
94187,163.0,1739.0
94188,186.0,1739.0
94189,197.0,1739.0
94190,169.0,1739.0
94191,243.0,1739.0
94192,228.0,1739.0
94193,357.0,1739.0
94194,264.0,1739.0
94195,228.0,1739.0
94196,276.0,1739.0
94197,270.0,1739.0
94198,193.0,1739.0
94199,191.0,1739.0
94200,181.0,1739.0
94201,227.0,1739.0
94202,272.0,1739.0
94203,189.0,1739.0
94204,203.0,1739.0
94205,211.0,1739.0
94206,193.0,1739.0
94207,275.0,1739.0
94208,193.0,1739.0
94209,227.0,1740.0
94210,261.0,1740.0
94211,227.0,1740.0
94212,227.0,1740.0
94213,253.0,1740.0
94214,250.0,1740.0
94215,179.0,1740.0
94216,321.0,1740.0
94217,243.0,1740.0
94218,238.0,1740.0
94219,273.0,1740.0
94220,185.0,1740.0
94221,273.0,1740.0
94222,164.0,1740.0
94223,160.0,1740.0
94224,124.0,1740.0
94225,244.0,1740.0
94226,252.0,1740.0
94227,219.0,1740.0
94228,274.0,1740.0
94229,191.0,1740.0
94230,280.0,1740.0
94231,244.0,1740.0
94232,285.0,1740.0
94233,206.0,1740.0
94234,267.0,1740.0
94235,230.0,1740.0
94236,109.0,1740.0
94237,262.0,1740.0
94238,182.0,1740.0
94239,204.0,1740.0
94240,178.0,1740.0
94241,183.0,1740.0
94242,257.0,1741.0
94243,187.0,1741.0
94244,183.0,1741.0
94245,250.0,1741.0
94246,185.0,1741.0
94247,213.0,1741.0
94248,198.0,1741.0
94249,176.0,1741.0
94250,111.0,1741.0
94251,127.0,1741.0
94252,282.0,1741.0
94253,253.0,1741.0
94254,183.0,1741.0
94255,163.0,1741.0
94256,180.0,1741.0
94257,212.0,1741.0
94258,24.0,1741.0
94259,191.0,1741.0
94260,199.0,1741.0
94261,183.0,1741.0
94262,200.0,1741.0
94263,266.0,1741.0
94264,268.0,1741.0
94265,196.0,1741.0
94266,168.0,1741.0
94267,280.0,1741.0
94268,184.0,1741.0
94269,189.0,1741.0
94270,209.0,1741.0
94271,250.0,1741.0
94272,175.0,1741.0
94273,184.0,1741.0
94274,258.0,1741.0
94275,175.0,1741.0
94276,188.0,1741.0
94277,187.0,1742.0
94278,249.0,1742.0
94279,283.0,1742.0
94280,186.0,1742.0
94281,170.0,1742.0
94282,274.0,1742.0
94283,262.0,1742.0
94284,241.0,1742.0
94285,238.0,1742.0
94286,175.0,1742.0
94287,233.0,1742.0
94288,256.0,1742.0
94289,245.0,1742.0
94290,250.0,1742.0
94291,162.0,1742.0
94292,394.0,1742.0
94293,91.0,1742.0
94294,335.0,1742.0
94295,393.0,1742.0
94296,433.0,1742.0
94297,443.0,1742.0
94298,401.0,1742.0
94299,204.0,1742.0
94300,308.0,1742.0
94301,188.0,1743.0
94302,156.0,1743.0
94303,95.0,1743.0
94304,274.0,1743.0
94305,275.0,1743.0
94306,166.0,1743.0
94307,227.0,1743.0
94308,226.0,1743.0
94309,180.0,1743.0
94310,300.0,1743.0
94311,184.0,1743.0
94312,161.0,1743.0
94313,276.0,1743.0
94314,282.0,1743.0
94315,254.0,1743.0
94316,284.0,1743.0
94317,261.0,1743.0
94318,227.0,1743.0
94319,305.0,1743.0
94320,175.0,1743.0
94321,193.0,1743.0
94322,181.0,1743.0
94323,226.0,1743.0
94324,29.0,1743.0
94325,269.0,1743.0
94326,223.0,1743.0
94327,278.0,1743.0
94328,273.0,1743.0
94329,285.0,1743.0
94330,222.0,1743.0
94331,179.0,1743.0
94332,201.0,1743.0
94333,179.0,1744.0
94334,186.0,1744.0
94335,177.0,1744.0
94336,236.0,1744.0
94337,295.0,1744.0
94338,221.0,1744.0
94339,328.0,1744.0
94340,273.0,1744.0
94341,203.0,1744.0
94342,287.0,1744.0
94343,305.0,1744.0
94344,240.0,1744.0
94345,218.0,1744.0
94346,245.0,1744.0
94347,340.0,1744.0
94348,281.0,1744.0
94349,324.0,1744.0
94350,116.0,1744.0
94351,233.0,1744.0
94352,405.0,1744.0
94353,356.0,1744.0
94354,255.0,1744.0
94355,201.0,1744.0
94356,209.0,1745.0
94357,190.0,1745.0
94358,211.0,1745.0
94359,270.0,1745.0
94360,278.0,1745.0
94361,170.0,1745.0
94362,205.0,1745.0
94363,256.0,1745.0
94364,211.0,1745.0
94365,193.0,1745.0
94366,385.0,1745.0
94367,225.0,1745.0
94368,19.0,1745.0
94369,193.0,1745.0
94370,366.0,1745.0
94371,132.0,1745.0
94407,310.0,1745.0
94408,324.0,1745.0
94409,205.0,1745.0
94410,299.0,1745.0
94411,204.0,1745.0
94412,241.0,1745.0
94413,132.0,1745.0
94414,318.0,1745.0
94415,323.0,1745.0
94416,232.0,1745.0
94417,272.0,1745.0
94418,235.0,1745.0
94419,102.0,1745.0
94420,336.0,1746.0
94421,234.0,1746.0
94422,318.0,1746.0
94423,272.0,1746.0
94424,182.0,1746.0
94425,183.0,1746.0
94426,310.0,1746.0
94427,174.0,1746.0
94428,242.0,1746.0
94429,281.0,1746.0
94430,288.0,1746.0
94431,310.0,1746.0
94432,191.0,1746.0
94433,285.0,1746.0
94434,346.0,1746.0
94435,185.0,1746.0
94436,241.0,1746.0
94437,238.0,1746.0
94438,295.0,1746.0
94439,210.0,1746.0
94440,221.0,1746.0
94441,284.0,1746.0
94442,312.0,1746.0
94443,336.0,1746.0
94444,346.0,1746.0
94445,349.0,1746.0
94446,201.0,1746.0
94447,267.0,1746.0
94448,262.0,1746.0
94449,304.0,1746.0
94450,234.0,1746.0
94451,376.0,1746.0
94452,266.0,1746.0
94453,243.0,1746.0
94454,221.0,1746.0
94455,361.0,1746.0
94456,392.0,1746.0
94457,260.0,1746.0
94458,296.0,1747.0
94459,285.0,1747.0
94460,288.0,1747.0
94461,371.0,1747.0
94462,214.0,1747.0
94463,317.0,1747.0
94464,269.0,1747.0
94465,126.0,1747.0
94466,252.0,1747.0
94467,208.0,1747.0
94468,240.0,1747.0
94469,286.0,1747.0
94470,314.0,1747.0
94471,244.0,1747.0
94472,297.0,1747.0
94473,258.0,1747.0
94474,259.0,1747.0
94475,407.0,1747.0
94476,298.0,1747.0
94477,248.0,1747.0
94478,304.0,1747.0
94479,345.0,1747.0
94480,399.0,1747.0
94481,207.0,1747.0
94482,149.0,1747.0
94483,279.0,1747.0
94484,238.0,1747.0
94485,294.0,1748.0
94486,378.0,1748.0
94487,367.0,1748.0
94488,343.0,1748.0
94489,342.0,1748.0
94490,204.0,1748.0
94491,357.0,1748.0
94492,234.0,1748.0
94493,183.0,1748.0
94494,296.0,1748.0
94495,231.0,1748.0
94496,207.0,1748.0
94497,311.0,1748.0
94498,255.0,1748.0
94499,257.0,1748.0
94500,336.0,1748.0
94501,236.0,1748.0
94502,282.0,1748.0
94503,53.0,1748.0
94504,327.0,1748.0
94505,211.0,1748.0
94506,57.0,1748.0
94507,227.0,1748.0
94508,285.0,1749.0
94509,256.0,1749.0
94510,330.0,1749.0
94511,324.0,1749.0
94512,319.0,1749.0
94513,126.0,1749.0
94514,252.0,1749.0
94515,251.0,1749.0
94516,324.0,1749.0
94517,246.0,1749.0
94518,194.0,1749.0
94519,214.0,1749.0
94520,203.0,1749.0
94521,276.0,1749.0
94522,252.0,1749.0
94523,320.0,1749.0
94524,289.0,1749.0
94525,243.0,1749.0
94526,273.0,1749.0
94527,92.0,1749.0
94528,258.0,1749.0
94529,289.0,1749.0
94530,248.0,1749.0
94531,278.0,1749.0
94532,196.0,1749.0
94533,218.0,1749.0
94534,359.0,1749.0
94535,279.0,1749.0
94536,298.0,1749.0
94537,296.0,1749.0
94538,145.0,1749.0
94539,335.0,1749.0
94540,165.0,1749.0
94541,246.0,1749.0
94542,319.0,1749.0
94543,312.0,1749.0
94544,200.0,1749.0
94545,327.0,1749.0
94546,26.0,1749.0
94547,282.0,1749.0
94548,248.0,1749.0
94549,279.0,1749.0
94550,278.0,1749.0
94551,278.0,1749.0
94372,318.0,1749.0
94373,285.0,1749.0
94552,317.0,1749.0
94553,118.0,1749.0
94554,237.0,1749.0
94555,327.0,1749.0
94374,25.0,1750.0
94375,253.0,1750.0
94376,252.0,1750.0
94377,266.0,1750.0
94378,245.0,1750.0
94379,239.0,1750.0
94380,238.0,1750.0
94381,320.0,1750.0
94382,112.0,1750.0
94556,38.0,1750.0
94557,248.0,1750.0
94558,266.0,1750.0
94559,356.0,1750.0
94560,286.0,1750.0
94561,257.0,1750.0
94562,329.0,1750.0
94563,124.0,1750.0
94564,244.0,1750.0
94565,328.0,1750.0
94566,315.0,1750.0
94567,239.0,1750.0
94568,314.0,1750.0
94569,331.0,1750.0
94570,314.0,1750.0
94571,334.0,1750.0
94572,311.0,1750.0
94573,255.0,1750.0
94574,247.0,1750.0
94575,249.0,1750.0
94576,206.0,1750.0
94577,324.0,1750.0
94578,263.0,1750.0
94579,212.0,1750.0
94580,193.0,1750.0
94581,180.0,1751.0
94582,278.0,1751.0
94583,231.0,1751.0
94584,260.0,1751.0
94585,326.0,1751.0
94586,266.0,1751.0
94587,260.0,1751.0
94588,334.0,1751.0
94589,258.0,1751.0
94590,337.0,1751.0
94591,242.0,1751.0
94592,89.0,1751.0
94593,257.0,1751.0
94594,200.0,1751.0
94595,408.0,1751.0
94596,322.0,1751.0
94597,186.0,1751.0
94598,298.0,1751.0
94599,314.0,1751.0
94600,256.0,1751.0
94601,269.0,1751.0
94602,324.0,1751.0
94603,359.0,1751.0
94604,321.0,1751.0
94605,372.0,1751.0
94606,245.0,1751.0
94607,266.0,1751.0
94608,399.0,1751.0
94609,221.0,1752.0
94610,249.0,1752.0
94611,331.0,1752.0
94612,365.0,1752.0
94613,278.0,1752.0
94614,343.0,1752.0
94615,366.0,1752.0
94616,258.0,1752.0
94617,249.0,1752.0
94618,300.0,1752.0
94619,33.0,1752.0
94620,231.0,1752.0
94621,269.0,1752.0
94622,293.0,1752.0
94623,286.0,1752.0
94624,240.0,1752.0
94625,346.0,1752.0
94626,276.0,1752.0
94627,160.0,1752.0
94628,164.0,1752.0
94629,227.0,1752.0
94630,238.0,1752.0
94631,370.0,1752.0
94632,367.0,1752.0
94633,369.0,1752.0
94634,313.0,1752.0
94635,275.0,1752.0
94636,259.0,1752.0
94637,247.0,1752.0
94638,371.0,1752.0
94639,303.0,1752.0
94640,201.0,1752.0
94641,253.0,1752.0
94642,272.0,1752.0
94643,353.0,1752.0
94644,250.0,1752.0
94645,285.0,1753.0
94646,325.0,1753.0
94647,348.0,1753.0
94649,265.0,1753.0
94650,289.0,1753.0
94651,313.0,1753.0
94652,281.0,1753.0
94653,244.0,1753.0
94654,166.0,1753.0
94655,256.0,1753.0
94656,350.0,1753.0
94657,261.0,1753.0
94658,242.0,1753.0
94659,249.0,1753.0
94660,303.0,1753.0
94661,278.0,1753.0
94662,271.0,1753.0
94663,109.0,1753.0
94664,359.0,1753.0
94665,57.0,1753.0
94666,370.0,1753.0
94667,432.0,1753.0
94668,368.0,1753.0
94669,372.0,1753.0
94670,301.0,1753.0
94672,294.0,1753.0
94673,274.0,1753.0
94674,260.0,1753.0
94675,317.0,1753.0
94676,356.0,1753.0
94677,311.0,1754.0
94678,271.0,1754.0
94679,314.0,1754.0
94680,289.0,1754.0
94681,289.0,1754.0
94682,297.0,1754.0
94683,352.0,1754.0
94684,306.0,1754.0
94685,234.0,1754.0
94686,277.0,1754.0
94687,311.0,1754.0
94688,244.0,1754.0
94689,209.0,1754.0
94690,269.0,1754.0
94691,234.0,1754.0
94692,278.0,1754.0
94693,359.0,1754.0
94694,367.0,1754.0
94695,363.0,1754.0
94696,273.0,1754.0
94697,274.0,1754.0
94698,363.0,1754.0
94699,375.0,1754.0
94700,281.0,1754.0
94701,285.0,1754.0
94702,284.0,1754.0
94703,256.0,1754.0
94704,351.0,1754.0
94705,271.0,1754.0
94706,353.0,1754.0
94707,359.0,1754.0
94708,350.0,1754.0
94709,308.0,1755.0
94710,305.0,1755.0
94711,328.0,1755.0
94712,318.0,1755.0
94713,238.0,1755.0
94714,183.0,1755.0
94715,216.0,1755.0
94716,355.0,1755.0
94717,368.0,1755.0
94718,234.0,1755.0
94719,271.0,1755.0
94720,386.0,1755.0
94721,353.0,1755.0
94722,283.0,1755.0
94723,280.0,1755.0
94724,273.0,1755.0
94725,269.0,1755.0
94726,328.0,1756.0
94727,263.0,1756.0
94728,244.0,1756.0
94729,261.0,1756.0
94730,358.0,1756.0
94731,277.0,1756.0
94732,351.0,1756.0
94733,228.0,1756.0
94734,275.0,1756.0
94735,252.0,1756.0
94736,283.0,1756.0
94737,254.0,1756.0
94738,324.0,1756.0
94739,241.0,1756.0
94740,199.0,1756.0
94741,290.0,1756.0
94742,326.0,1756.0
94743,275.0,1756.0
94744,291.0,1756.0
94745,320.0,1756.0
94746,326.0,1756.0
94747,361.0,1756.0
94748,361.0,1756.0
94749,142.0,1756.0
94750,268.0,1756.0
94751,364.0,1756.0
94752,363.0,1756.0
94753,205.0,1756.0
94754,362.0,1756.0
94755,348.0,1756.0
94383,261.0,1757.0
94384,309.0,1757.0
94385,251.0,1757.0
94386,233.0,1757.0
94387,228.0,1757.0
94388,209.0,1757.0
94389,323.0,1757.0
94390,254.0,1757.0
94391,292.0,1757.0
94392,355.0,1757.0
94393,247.0,1757.0
94756,383.0,1757.0
94757,289.0,1757.0
94758,244.0,1757.0
94759,284.0,1757.0
94760,285.0,1757.0
94761,292.0,1757.0
94762,273.0,1757.0
94763,361.0,1757.0
94764,213.0,1757.0
94765,264.0,1757.0
94766,284.0,1757.0
94767,344.0,1757.0
94768,376.0,1757.0
94769,419.0,1757.0
94770,353.0,1757.0
94771,371.0,1757.0
94772,268.0,1757.0
94773,348.0,1757.0
94774,169.0,1757.0
94775,387.0,1758.0
94776,236.0,1758.0
94777,317.0,1758.0
94778,277.0,1758.0
94779,316.0,1758.0
94780,236.0,1758.0
94781,313.0,1758.0
94782,311.0,1758.0
94783,273.0,1758.0
94784,235.0,1758.0
94785,244.0,1758.0
94786,353.0,1758.0
94787,306.0,1758.0
94788,356.0,1758.0
94789,308.0,1758.0
94790,227.0,1758.0
94791,391.0,1758.0
94792,358.0,1758.0
94793,284.0,1758.0
94794,260.0,1758.0
94795,145.0,1758.0
94796,334.0,1758.0
94797,334.0,1758.0
94798,227.0,1758.0
94799,355.0,1758.0
94800,352.0,1758.0
94801,349.0,1758.0
94802,268.0,1759.0
94803,283.0,1759.0
94804,227.0,1759.0
94805,345.0,1759.0
94806,364.0,1759.0
94807,329.0,1759.0
94808,298.0,1759.0
94809,251.0,1759.0
94810,234.0,1759.0
94811,264.0,1759.0
94812,222.0,1759.0
94813,195.0,1759.0
94814,301.0,1759.0
94815,410.0,1759.0
94816,245.0,1759.0
94817,360.0,1759.0
94818,331.0,1759.0
94819,254.0,1759.0
94820,311.0,1759.0
94821,320.0,1759.0
94822,234.0,1759.0
94823,303.0,1759.0
94824,245.0,1759.0
94825,349.0,1759.0
94826,261.0,1759.0
94827,238.0,1759.0
94828,209.0,1759.0
94829,181.0,1759.0
94830,286.0,1760.0
94831,206.0,1760.0
94832,301.0,1760.0
94833,308.0,1760.0
94834,273.0,1760.0
94835,289.0,1760.0
94836,217.0,1760.0
94837,210.0,1760.0
94838,238.0,1760.0
94839,312.0,1760.0
94840,220.0,1760.0
94841,185.0,1760.0
94842,355.0,1760.0
94843,313.0,1760.0
94844,247.0,1761.0
94845,271.0,1761.0
94846,277.0,1761.0
94847,337.0,1761.0
94848,355.0,1761.0
94849,254.0,1761.0
94850,266.0,1761.0
94851,326.0,1761.0
94852,336.0,1761.0
94853,97.0,1761.0
94854,363.0,1761.0
94855,251.0,1761.0
94856,297.0,1761.0
94857,286.0,1761.0
94858,244.0,1761.0
94859,249.0,1761.0
94860,232.0,1761.0
94861,352.0,1761.0
94862,349.0,1761.0
94863,208.0,1761.0
94864,242.0,1761.0
94865,355.0,1761.0
94866,317.0,1761.0
94867,254.0,1761.0
94868,264.0,1761.0
94869,308.0,1761.0
94870,271.0,1761.0
94871,325.0,1761.0
94872,340.0,1761.0
94873,350.0,1761.0
94874,397.0,1761.0
94875,338.0,1761.0
94876,339.0,1761.0
94877,435.0,1761.0
94878,279.0,1761.0
94879,317.0,1761.0
94880,355.0,1761.0
94881,311.0,1761.0
94882,318.0,1761.0
94883,365.0,1761.0
94884,341.0,1761.0
94885,367.0,1762.0
94886,275.0,1762.0
94887,405.0,1762.0
94888,236.0,1762.0
94889,215.0,1762.0
94890,336.0,1762.0
94891,255.0,1762.0
94892,234.0,1762.0
94893,227.0,1762.0
94894,297.0,1762.0
94895,348.0,1762.0
94896,348.0,1762.0
94897,368.0,1762.0
94898,292.0,1762.0
94899,276.0,1762.0
94900,359.0,1762.0
94901,375.0,1762.0
94902,281.0,1762.0
94903,253.0,1762.0
94904,275.0,1762.0
94905,349.0,1762.0
94906,304.0,1762.0
94907,282.0,1762.0
94908,327.0,1762.0
94648,350.0,1763.0
94909,303.0,1763.0
94910,304.0,1763.0
94911,304.0,1763.0
94912,317.0,1763.0
94913,206.0,1763.0
94914,332.0,1763.0
94915,244.0,1763.0
94916,264.0,1763.0
94917,390.0,1763.0
94918,399.0,1763.0
94919,298.0,1763.0
94920,295.0,1763.0
94921,305.0,1763.0
94922,399.0,1763.0
94923,341.0,1763.0
94924,317.0,1763.0
94925,366.0,1763.0
94926,317.0,1763.0
94927,351.0,1763.0
94928,295.0,1763.0
94929,321.0,1763.0
94930,274.0,1763.0
94931,319.0,1763.0
94932,376.0,1763.0
94933,362.0,1763.0
94934,213.0,1763.0
94935,267.0,1763.0
94936,342.0,1763.0
94937,385.0,1763.0
94938,259.0,1763.0
94939,350.0,1763.0
94940,272.0,1763.0
94941,338.0,1763.0
94942,258.0,1764.0
94943,296.0,1764.0
94944,354.0,1764.0
94945,350.0,1764.0
94946,237.0,1764.0
94947,327.0,1764.0
94948,334.0,1764.0
94949,355.0,1764.0
94950,284.0,1764.0
94951,328.0,1764.0
94952,377.0,1764.0
94953,408.0,1764.0
94954,288.0,1764.0
94955,276.0,1764.0
94956,303.0,1764.0
94957,385.0,1764.0
94958,27.0,1764.0
94959,304.0,1764.0
94960,365.0,1764.0
94961,281.0,1764.0
94962,352.0,1764.0
94963,347.0,1764.0
94964,353.0,1764.0
94965,269.0,1764.0
94966,353.0,1764.0
94967,294.0,1764.0
94968,369.0,1764.0
94969,354.0,1764.0
94970,291.0,1764.0
94971,357.0,1764.0
94972,342.0,1764.0
94973,341.0,1764.0
94974,353.0,1765.0
94975,314.0,1765.0
94976,241.0,1765.0
94977,351.0,1765.0
94978,355.0,1765.0
94979,241.0,1765.0
94980,378.0,1765.0
94981,381.0,1765.0
94982,278.0,1765.0
94983,341.0,1765.0
94984,249.0,1765.0
94985,266.0,1765.0
94986,358.0,1765.0
94987,183.0,1765.0
94988,372.0,1765.0
94989,298.0,1765.0
94990,378.0,1765.0
94991,389.0,1765.0
94992,242.0,1765.0
94993,391.0,1765.0
94994,297.0,1765.0
94995,263.0,1765.0
94996,246.0,1765.0
94997,338.0,1765.0
94998,254.0,1765.0
94999,353.0,1765.0
95000,274.0,1765.0
95001,354.0,1766.0
95002,256.0,1766.0
95003,248.0,1766.0
95004,300.0,1766.0
95005,399.0,1766.0
95006,262.0,1766.0
95007,227.0,1766.0
95008,312.0,1766.0
95009,211.0,1766.0
95010,304.0,1766.0
95011,256.0,1766.0
95012,260.0,1766.0
95013,193.0,1766.0
95014,320.0,1766.0
95015,242.0,1766.0
95016,262.0,1766.0
95017,357.0,1766.0
95018,246.0,1766.0
95019,301.0,1766.0
95020,351.0,1766.0
95021,354.0,1766.0
95022,302.0,1766.0
95023,354.0,1766.0
95024,266.0,1766.0
95025,269.0,1766.0
95026,363.0,1766.0
95027,343.0,1766.0
95028,244.0,1766.0
95029,366.0,1766.0
95030,268.0,1766.0
95031,187.0,1766.0
95032,345.0,1766.0
95033,173.0,1767.0
95034,383.0,1767.0
95035,260.0,1767.0
95036,286.0,1767.0
95037,251.0,1767.0
95038,311.0,1767.0
95039,309.0,1767.0
95040,299.0,1767.0
95041,215.0,1767.0
95042,270.0,1767.0
95043,339.0,1767.0
95044,184.0,1767.0
95045,198.0,1767.0
95046,274.0,1767.0
95047,259.0,1767.0
95048,368.0,1767.0
95049,278.0,1767.0
95050,358.0,1767.0
95051,370.0,1767.0
95052,364.0,1767.0
95053,364.0,1767.0
95054,280.0,1767.0
95055,285.0,1767.0
95056,280.0,1767.0
95057,262.0,1767.0
95058,349.0,1767.0
95059,361.0,1767.0
95060,263.0,1767.0
95061,262.0,1767.0
95062,341.0,1767.0
95063,410.0,1767.0
95064,348.0,1767.0
95065,255.0,1767.0
95066,246.0,1768.0
95067,259.0,1768.0
95068,233.0,1768.0
95069,306.0,1768.0
95070,191.0,1768.0
95071,202.0,1768.0
95072,316.0,1768.0
95073,226.0,1768.0
95074,226.0,1768.0
95075,290.0,1768.0
95076,379.0,1768.0
95077,299.0,1768.0
95078,359.0,1768.0
95079,360.0,1768.0
95080,278.0,1768.0
95081,266.0,1768.0
95082,360.0,1768.0
95083,354.0,1768.0
95084,292.0,1768.0
95085,352.0,1768.0
95086,352.0,1768.0
95087,354.0,1768.0
95088,158.0,1768.0
95089,235.0,1768.0
95090,283.0,1768.0
95091,367.0,1768.0
95092,265.0,1768.0
95093,285.0,1768.0
95094,277.0,1768.0
95095,227.0,1769.0
95096,304.0,1769.0
95097,259.0,1769.0
95098,190.0,1769.0
95099,305.0,1769.0
95100,233.0,1769.0
95101,254.0,1769.0
95102,203.0,1769.0
95103,274.0,1769.0
95104,264.0,1769.0
95105,291.0,1769.0
95106,355.0,1769.0
95107,356.0,1769.0
95108,290.0,1769.0
95109,273.0,1769.0
95110,351.0,1769.0
95111,265.0,1769.0
95112,273.0,1769.0
95113,355.0,1769.0
95114,306.0,1769.0
95115,192.0,1769.0
95116,355.0,1769.0
95117,308.0,1769.0
95118,281.0,1769.0
95119,356.0,1769.0
95120,347.0,1769.0
95121,438.0,1769.0
95122,360.0,1769.0
95123,196.0,1769.0
95124,313.0,1770.0
95125,346.0,1770.0
95126,237.0,1770.0
95127,252.0,1770.0
95128,349.0,1770.0
95129,384.0,1770.0
95130,323.0,1770.0
95131,357.0,1770.0
95132,286.0,1770.0
95133,375.0,1770.0
95134,292.0,1770.0
95135,415.0,1770.0
95136,416.0,1770.0
95137,300.0,1770.0
95138,285.0,1770.0
95139,297.0,1770.0
95140,376.0,1770.0
95141,249.0,1770.0
95142,366.0,1770.0
95143,375.0,1770.0
95144,290.0,1770.0
95145,371.0,1770.0
95146,422.0,1770.0
95147,362.0,1771.0
95148,355.0,1771.0
95149,366.0,1771.0
95150,280.0,1771.0
95151,221.0,1771.0
95152,321.0,1771.0
95153,303.0,1771.0
95154,344.0,1771.0
95155,238.0,1771.0
95156,326.0,1771.0
95157,304.0,1771.0
95158,369.0,1771.0
95159,252.0,1771.0
95160,291.0,1771.0
95161,268.0,1771.0
95162,337.0,1771.0
95163,282.0,1771.0
95164,363.0,1771.0
95165,193.0,1771.0
95166,370.0,1771.0
95167,285.0,1771.0
95168,223.0,1771.0
95169,319.0,1771.0
95170,173.0,1771.0
95171,363.0,1771.0
95172,343.0,1771.0
95173,323.0,1771.0
95174,185.0,1771.0
95175,337.0,1771.0
95176,313.0,1771.0
95177,328.0,1771.0
95178,315.0,1771.0
95179,276.0,1771.0
95180,283.0,1772.0
95181,224.0,1772.0
95182,189.0,1772.0
95183,325.0,1772.0
95184,239.0,1772.0
95185,260.0,1772.0
95186,339.0,1772.0
95187,303.0,1772.0
95188,226.0,1772.0
95189,211.0,1772.0
95190,272.0,1772.0
95191,225.0,1772.0
95192,266.0,1772.0
95193,315.0,1772.0
95194,515.0,1772.0
95195,235.0,1772.0
95196,259.0,1772.0
95197,244.0,1772.0
95198,288.0,1772.0
95199,305.0,1772.0
95200,368.0,1772.0
95201,264.0,1772.0
95202,297.0,1772.0
95203,300.0,1772.0
95204,298.0,1772.0
95205,185.0,1772.0
95206,353.0,1772.0
95207,415.0,1772.0
95208,299.0,1772.0
95209,196.0,1772.0
95210,243.0,1772.0
95211,335.0,1772.0
95212,307.0,1772.0
95213,355.0,1772.0
95214,224.0,1772.0
95215,242.0,1772.0
95216,311.0,1772.0
95217,307.0,1773.0
95218,247.0,1773.0
95219,264.0,1773.0
95220,300.0,1773.0
95221,279.0,1773.0
95222,224.0,1773.0
95223,280.0,1773.0
95224,335.0,1773.0
95225,258.0,1773.0
95226,313.0,1773.0
95227,258.0,1773.0
95228,274.0,1773.0
95229,281.0,1773.0
95230,244.0,1773.0
95231,246.0,1773.0
95232,297.0,1773.0
95233,332.0,1773.0
95234,239.0,1773.0
95235,349.0,1773.0
95236,279.0,1773.0
95237,332.0,1773.0
95238,288.0,1773.0
95239,251.0,1773.0
95240,379.0,1773.0
95241,378.0,1773.0
95242,304.0,1773.0
95243,262.0,1773.0
95244,399.0,1773.0
95245,356.0,1773.0
95246,372.0,1773.0
95247,366.0,1774.0
95248,294.0,1774.0
95249,218.0,1774.0
95250,239.0,1774.0
95251,301.0,1774.0
95252,211.0,1774.0
95253,249.0,1774.0
95254,281.0,1774.0
95255,336.0,1774.0
95256,277.0,1774.0
95257,211.0,1774.0
95258,202.0,1774.0
95259,384.0,1774.0
95260,245.0,1774.0
95261,313.0,1774.0
95262,235.0,1774.0
95263,188.0,1774.0
95264,340.0,1774.0
95265,386.0,1774.0
95266,275.0,1774.0
95267,310.0,1774.0
95268,231.0,1774.0
95269,344.0,1774.0
95270,339.0,1774.0
95271,307.0,1774.0
95272,278.0,1774.0
95273,268.0,1774.0
95274,343.0,1774.0
95275,223.0,1775.0
95276,317.0,1775.0
95277,295.0,1775.0
95278,383.0,1775.0
95279,305.0,1775.0
95280,247.0,1775.0
95281,370.0,1775.0
95282,445.0,1775.0
95283,198.0,1775.0
95284,258.0,1775.0
95285,249.0,1775.0
95286,278.0,1775.0
95287,272.0,1775.0
95288,227.0,1775.0
95289,180.0,1775.0
95290,314.0,1775.0
95291,245.0,1775.0
95292,230.0,1775.0
95293,342.0,1775.0
95294,234.0,1775.0
95295,248.0,1775.0
95296,232.0,1775.0
95297,230.0,1775.0
95298,301.0,1775.0
95299,284.0,1775.0
95300,286.0,1775.0
95301,289.0,1775.0
95302,342.0,1775.0
95303,290.0,1775.0
95304,326.0,1775.0
95305,309.0,1775.0
95306,354.0,1775.0
95307,422.0,1775.0
95308,219.0,1776.0
95309,222.0,1776.0
95310,224.0,1776.0
95311,145.0,1776.0
95312,293.0,1776.0
95313,316.0,1776.0
95314,305.0,1776.0
95315,351.0,1776.0
95316,244.0,1776.0
95317,186.0,1776.0
95318,307.0,1776.0
95319,268.0,1776.0
95320,310.0,1776.0
95321,253.0,1776.0
95322,217.0,1776.0
95323,222.0,1776.0
95324,300.0,1776.0
95325,231.0,1776.0
95326,286.0,1776.0
95327,101.0,1776.0
95328,214.0,1776.0
95329,246.0,1776.0
95330,348.0,1776.0
95331,331.0,1776.0
95332,300.0,1776.0
95333,275.0,1776.0
95334,195.0,1776.0
95335,155.0,1776.0
95336,209.0,1776.0
95337,219.0,1776.0
95338,182.0,1777.0
95339,315.0,1777.0
95340,322.0,1777.0
95341,247.0,1777.0
95342,291.0,1777.0
95343,287.0,1777.0
95344,301.0,1777.0
95345,241.0,1777.0
95346,263.0,1777.0
95347,227.0,1777.0
95348,257.0,1777.0
95349,302.0,1777.0
95350,236.0,1777.0
95351,188.0,1777.0
95352,294.0,1777.0
95353,233.0,1777.0
95354,292.0,1777.0
95355,273.0,1777.0
95356,174.0,1777.0
95358,287.0,1777.0
95359,205.0,1777.0
95360,154.0,1777.0
95361,207.0,1777.0
95362,206.0,1777.0
95363,191.0,1778.0
95364,203.0,1778.0
95365,46.0,1778.0
95366,330.0,1778.0
95367,237.0,1778.0
95368,289.0,1778.0
95369,310.0,1778.0
95370,217.0,1778.0
95371,297.0,1778.0
95372,299.0,1778.0
95373,93.0,1778.0
95374,59.0,1778.0
95375,195.0,1778.0
95376,185.0,1778.0
95377,212.0,1778.0
95378,304.0,1778.0
95379,177.0,1778.0
95380,210.0,1778.0
95381,270.0,1778.0
95382,227.0,1778.0
95383,199.0,1779.0
95384,207.0,1779.0
95385,206.0,1779.0
95386,131.0,1779.0
95387,230.0,1779.0
95388,167.0,1779.0
95389,197.0,1779.0
95390,182.0,1779.0
95391,208.0,1779.0
95392,208.0,1779.0
95393,209.0,1779.0
95394,230.0,1779.0
95395,294.0,1779.0
95396,203.0,1779.0
95397,314.0,1779.0
95398,224.0,1779.0
95399,216.0,1779.0
95400,216.0,1779.0
95401,255.0,1779.0
95402,209.0,1779.0
95403,201.0,1779.0
95404,300.0,1779.0
95405,59.0,1779.0
95406,51.0,1779.0
95407,233.0,1779.0
95408,279.0,1779.0
95409,279.0,1779.0
95410,268.0,1779.0
95411,259.0,1779.0
95412,179.0,1779.0
95413,152.0,1779.0
95414,225.0,1779.0
95415,141.0,1779.0
95416,135.0,1779.0
95417,154.0,1780.0
95418,128.0,1780.0
95419,191.0,1780.0
95420,158.0,1780.0
95421,182.0,1780.0
95422,298.0,1780.0
95423,343.0,1780.0
95424,186.0,1780.0
95425,240.0,1780.0
95426,323.0,1780.0
95427,256.0,1780.0
95428,244.0,1780.0
95429,206.0,1780.0
95430,72.0,1780.0
95431,313.0,1780.0
95432,335.0,1780.0
95433,321.0,1780.0
95434,60.0,1780.0
95435,237.0,1780.0
95436,300.0,1780.0
95437,45.0,1780.0
95438,188.0,1780.0
95439,212.0,1780.0
95440,284.0,1780.0
95441,765.0,1780.0
95442,22.0,1782.0
95443,414.0,1782.0
95444,301.0,1782.0
95445,291.0,1782.0
95446,442.0,1782.0
95447,420.0,1782.0
95448,302.0,1782.0
95449,422.0,1782.0
95450,317.0,1782.0
95451,36.0,1782.0
95452,230.0,1782.0
95453,227.0,1782.0
95454,42.0,1782.0
95455,32.0,1782.0
95456,39.0,1782.0
95457,227.0,1783.0
95458,114.0,1783.0
95459,124.0,1783.0
95460,46.0,1783.0
95461,129.0,1783.0
95462,290.0,1783.0
95463,30.0,1783.0
95464,197.0,1783.0
95465,42.0,1783.0
95466,287.0,1783.0
95467,42.0,1783.0
95472,40.0,1783.0
95468,351.0,1783.0
95469,24.0,1783.0
95470,259.0,1783.0
95471,279.0,1783.0
95473,266.0,1783.0
95474,313.0,1783.0
95475,335.0,1783.0
95476,285.0,1783.0
95477,326.0,1783.0
95478,215.0,1783.0
95479,312.0,1783.0
95480,253.0,1783.0
95481,358.0,1783.0
95482,326.0,1783.0
95483,453.0,1783.0
95484,335.0,1783.0
95485,226.0,1783.0
95486,361.0,1783.0
95487,252.0,1783.0
95488,255.0,1783.0
95489,122.0,1783.0
95490,23.0,1783.0
95491,55.0,1783.0
95492,30.0,1783.0
95493,158.0,1784.0
95494,111.0,1784.0
95495,331.0,1784.0
95496,238.0,1784.0
95497,40.0,1784.0
95498,343.0,1784.0
95499,341.0,1784.0
95500,58.0,1784.0
95501,347.0,1784.0
95502,254.0,1784.0
95503,65.0,1784.0
95504,255.0,1784.0
95505,156.0,1784.0
95506,36.0,1784.0
95507,280.0,1784.0
95508,259.0,1784.0
95509,377.0,1784.0
95510,37.0,1784.0
95511,28.0,1784.0
95512,28.0,1784.0
95513,31.0,1784.0
95514,73.0,1784.0
95515,130.0,1784.0
95516,303.0,1784.0
95517,268.0,1784.0
95518,33.0,1784.0
95519,34.0,1784.0
95520,166.0,1784.0
95521,343.0,1784.0
95522,175.0,1784.0
95523,201.0,1784.0
95524,350.0,1784.0
95525,333.0,1784.0
95526,350.0,1784.0
95527,227.0,1784.0
95528,128.0,1784.0
95529,228.0,1784.0
95530,270.0,1784.0
95531,309.0,1784.0
95532,109.0,1785.0
95533,355.0,1785.0
95534,298.0,1785.0
95535,33.0,1785.0
95536,36.0,1785.0
95537,320.0,1785.0
95538,22.0,1785.0
95539,36.0,1785.0
95540,28.0,1785.0
95541,234.0,1785.0
95542,347.0,1785.0
95543,28.0,1785.0
95544,223.0,1785.0
95545,270.0,1785.0
95546,260.0,1785.0
95547,166.0,1785.0
95548,57.0,1785.0
95549,257.0,1785.0
95550,54.0,1785.0
95551,104.0,1785.0
95552,316.0,1785.0
95553,155.0,1785.0
95554,272.0,1785.0
95555,190.0,1785.0
95556,30.0,1785.0
95557,390.0,1785.0
95558,355.0,1785.0
95559,110.0,1785.0
95560,311.0,1785.0
95561,248.0,1785.0
95562,340.0,1785.0
95563,350.0,1785.0
95564,377.0,1785.0
95565,354.0,1786.0
95566,317.0,1786.0
95567,103.0,1786.0
95568,178.0,1786.0
95569,104.0,1786.0
94394,273.0,1786.0
94395,30.0,1786.0
94396,233.0,1786.0
94397,350.0,1786.0
94398,350.0,1786.0
94399,351.0,1786.0
94400,78.0,1786.0
94401,33.0,1786.0
94402,258.0,1786.0
94403,245.0,1786.0
94404,298.0,1786.0
94405,34.0,1786.0
94406,345.0,1786.0
95570,77.0,1786.0
95571,40.0,1786.0
95572,252.0,1786.0
95573,227.0,1786.0
95574,360.0,1786.0
95575,312.0,1786.0
95576,31.0,1786.0
95577,269.0,1786.0
95578,171.0,1786.0
95579,38.0,1786.0
95580,349.0,1786.0
95581,384.0,1786.0
95582,361.0,1786.0
95583,31.0,1786.0
95584,199.0,1786.0
95585,362.0,1786.0
95586,331.0,1787.0
95587,288.0,1787.0
95588,312.0,1787.0
95589,188.0,1787.0
95590,227.0,1787.0
95591,421.0,1787.0
95592,34.0,1787.0
95593,254.0,1787.0
95594,104.0,1787.0
95595,238.0,1787.0
95596,33.0,1787.0
95597,226.0,1787.0
95598,220.0,1787.0
95599,33.0,1787.0
95600,352.0,1787.0
95601,265.0,1787.0
95602,342.0,1787.0
95603,335.0,1787.0
95604,255.0,1787.0
95605,196.0,1787.0
95606,161.0,1787.0
95607,33.0,1787.0
95608,121.0,1787.0
95609,272.0,1787.0
95610,221.0,1787.0
95611,199.0,1787.0
95612,244.0,1787.0
95613,324.0,1787.0
95614,178.0,1787.0
95615,32.0,1787.0
95616,369.0,1787.0
95617,129.0,1787.0
95618,29.0,1787.0
95619,26.0,1787.0
95620,40.0,1787.0
95621,31.0,1787.0
95622,328.0,1787.0
95623,28.0,1787.0
95624,267.0,1787.0
95625,273.0,1787.0
95626,345.0,1787.0
95627,359.0,1787.0
95628,205.0,1787.0
95629,294.0,1787.0
95630,371.0,1787.0
95631,150.0,1787.0
95632,310.0,1788.0
95633,341.0,1788.0
95634,28.0,1788.0
95635,259.0,1788.0
95636,350.0,1788.0
95637,344.0,1788.0
95638,260.0,1788.0
95639,359.0,1788.0
95640,187.0,1788.0
95641,36.0,1788.0
95642,97.0,1788.0
95644,352.0,1788.0
95645,344.0,1788.0
95646,243.0,1788.0
95647,237.0,1788.0
95648,30.0,1788.0
95649,207.0,1788.0
95650,128.0,1788.0
95651,315.0,1788.0
95652,337.0,1788.0
95653,25.0,1788.0
95654,353.0,1788.0
95655,179.0,1788.0
95656,337.0,1788.0
95657,30.0,1788.0
95658,289.0,1788.0
95659,196.0,1788.0
95660,269.0,1788.0
95661,317.0,1788.0
95662,288.0,1788.0
95663,312.0,1788.0
95664,227.0,1788.0
95665,25.0,1788.0
95666,286.0,1788.0
95667,272.0,1789.0
95668,31.0,1789.0
95669,336.0,1789.0
95670,328.0,1789.0
95671,137.0,1789.0
95672,275.0,1789.0
95673,85.0,1789.0
95674,24.0,1789.0
95675,31.0,1789.0
95676,24.0,1789.0
95677,303.0,1789.0
95678,325.0,1789.0
95679,24.0,1789.0
95680,181.0,1789.0
95681,117.0,1789.0
95682,275.0,1789.0
95683,256.0,1789.0
95684,303.0,1789.0
95685,56.0,1789.0
95686,24.0,1789.0
95687,26.0,1789.0
95688,343.0,1789.0
95689,311.0,1789.0
95690,330.0,1789.0
95691,279.0,1789.0
95692,24.0,1789.0
95693,323.0,1789.0
95694,298.0,1789.0
95695,24.0,1790.0
95696,340.0,1790.0
95697,257.0,1790.0
95698,354.0,1790.0
95699,363.0,1790.0
95700,253.0,1790.0
95701,300.0,1790.0
95702,259.0,1790.0
95703,24.0,1790.0
95704,25.0,1790.0
95705,24.0,1790.0
95706,314.0,1790.0
95707,284.0,1790.0
95708,304.0,1790.0
95709,24.0,1790.0
95710,191.0,1790.0
95711,295.0,1790.0
95712,77.0,1790.0
95713,765.0,1790.0
95714,24.0,1790.0
95715,350.0,1790.0
95716,310.0,1790.0
95717,121.0,1790.0
95718,332.0,1790.0
95719,359.0,1790.0
95720,75.0,1790.0
95721,186.0,1790.0
95722,243.0,1790.0
95723,160.0,1790.0
95724,59.0,1790.0
95725,238.0,1790.0
95726,357.0,1791.0
95727,204.0,1791.0
95728,25.0,1791.0
95729,175.0,1791.0
95730,52.0,1791.0
95731,260.0,1791.0
95732,300.0,1791.0
95733,369.0,1791.0
95734,25.0,1791.0
95735,135.0,1791.0
95736,305.0,1791.0
95737,77.0,1791.0
95738,63.0,1791.0
95739,177.0,1791.0
95740,25.0,1791.0
95741,166.0,1791.0
95742,212.0,1791.0
95743,202.0,1791.0
95744,58.0,1791.0
95745,159.0,1791.0
95746,187.0,1791.0
95747,338.0,1791.0
95748,217.0,1791.0
95749,25.0,1791.0
95750,240.0,1791.0
95751,231.0,1791.0
95752,295.0,1791.0
95753,215.0,1791.0
95754,348.0,1791.0
95755,371.0,1791.0
95756,67.0,1792.0
95757,29.0,1792.0
95758,308.0,1792.0
95759,297.0,1792.0
95760,24.0,1792.0
95761,402.0,1792.0
95762,389.0,1792.0
95763,25.0,1792.0
95764,300.0,1792.0
95765,63.0,1792.0
95766,179.0,1792.0
95767,360.0,1792.0
95768,60.0,1792.0
95769,25.0,1792.0
95770,267.0,1792.0
95771,308.0,1792.0
95772,347.0,1792.0
95773,80.0,1792.0
95774,349.0,1792.0
95775,372.0,1792.0
95776,380.0,1792.0
95777,371.0,1792.0
95778,387.0,1792.0
95779,25.0,1792.0
95780,226.0,1793.0
95781,301.0,1793.0
95782,375.0,1793.0
95783,363.0,1793.0
95784,200.0,1793.0
95785,249.0,1793.0
95786,36.0,1793.0
95787,60.0,1793.0
95788,213.0,1793.0
95789,256.0,1793.0
95790,37.0,1793.0
95791,294.0,1793.0
95792,50.0,1793.0
95793,210.0,1793.0
95794,307.0,1793.0
95795,227.0,1793.0
95796,227.0,1793.0
95797,187.0,1793.0
95798,208.0,1793.0
95799,92.0,1793.0
95800,274.0,1793.0
95801,37.0,1793.0
95802,200.0,1793.0
95803,261.0,1793.0
95804,193.0,1793.0
95805,243.0,1793.0
95806,37.0,1794.0
95807,224.0,1794.0
95808,227.0,1794.0
95809,67.0,1794.0
95810,210.0,1794.0
95811,227.0,1794.0
95812,227.0,1794.0
95813,61.0,1794.0
95814,227.0,1794.0
95815,227.0,1794.0
95816,227.0,1794.0
95817,33.0,1794.0
95818,25.0,1794.0
95819,71.0,1794.0
95820,266.0,1794.0
95821,227.0,1794.0
95822,181.0,1794.0
95823,237.0,1794.0
95824,227.0,1794.0
95825,227.0,1794.0
95826,151.0,1794.0
95827,192.0,1794.0
