voyId,voydepartureY
91185,1608.0
91457,1632.0
91651,1640.0
91881,1653.0
91055,1595.0
91056,1595.0
91057,1595.0
91058,1595.0
91059,1598.0
91060,1598.0
91061,1598.0
91062,1598.0
91063,1598.0
91064,1598.0
91065,1598.0
91066,1598.0
91067,1598.0
91068,1598.0
91069,1598.0
91070,1598.0
91071,1598.0
91072,1598.0
91073,1598.0
91074,1598.0
91075,1598.0
91077,1598.0
91078,1598.0
91079,1598.0
91080,1598.0
91081,1598.0
91082,1599.0
91083,1599.0
91084,1599.0
91085,1599.0
91086,1599.0
91087,1599.0
91088,1599.0
91089,1599.0
91090,1599.0
91091,1599.0
91092,1599.0
91093,1600.0
91094,1600.0
91095,1600.0
91096,1600.0
91097,1600.0
91098,1600.0
91099,1600.0
91100,1600.0
91101,1601.0
91102,1601.0
91103,1601.0
91104,1601.0
91117,1601.0
91105,1601.0
91106,1601.0
91107,1601.0
91108,1601.0
91109,1601.0
91110,1601.0
91111,1601.0
91112,1601.0
91113,1601.0
91114,1601.0
91115,1601.0
91116,1601.0
91118,1601.0
91119,1601.0
91120,1601.0
91121,1602.0
91122,1602.0
91123,1602.0
91124,1602.0
91125,1602.0
91126,1602.0
91127,1602.0
91128,1602.0
91129,1602.0
91130,1602.0
91131,1602.0
91132,1602.0
91133,1602.0
91134,1602.0
91135,1602.0
91136,1603.0
91137,1603.0
91138,1603.0
91139,1603.0
91140,1603.0
91141,1603.0
91142,1603.0
91143,1603.0
91144,1603.0
91145,1603.0
91146,1603.0
91147,1603.0
91148,1604.0
91149,1605.0
91150,1605.0
91151,1605.0
91152,1605.0
91153,1605.0
91154,1605.0
91155,1605.0
91156,1605.0
91157,1605.0
91158,1605.0
91159,1605.0
91160,1605.0
91161,1606.0
91162,1606.0
91163,1606.0
91164,1606.0
91165,1606.0
91166,1606.0
91167,1606.0
91168,1606.0
91169,1606.0
91170,1606.0
91171,1607.0
91172,1607.0
91173,1607.0
91174,1607.0
91175,1607.0
91176,1607.0
91177,1607.0
91178,1607.0
91179,1607.0
91180,1607.0
91181,1607.0
91182,1607.0
91183,1607.0
91184,1607.0
91186,1608.0
91187,1609.0
91188,
91039,1610.0
91040,1610.0
91041,1610.0
91042,1610.0
91043,1610.0
91044,1610.0
91189,1610.0
91190,1610.0
91045,1610.0
91046,1610.0
91047,1610.0
91048,1611.0
91049,1611.0
91050,1611.0
91051,1611.0
91052,1611.0
91053,1611.0
91054,1611.0
91191,1611.0
91192,1611.0
91193,1611.0
91194,1611.0
91195,1611.0
91196,1611.0
91197,1612.0
91198,1612.0
91199,1612.0
91200,1612.0
91201,1612.0
91202,1613.0
91203,1613.0
91204,1613.0
91205,1613.0
91206,1613.0
91207,1613.0
91208,1613.0
91209,1613.0
91210,1613.0
91211,1613.0
91212,1613.0
91213,1613.0
91214,1614.0
91215,1614.0
91216,1614.0
91217,1614.0
91218,1614.0
91219,1614.0
91220,1614.0
91221,1614.0
91222,1614.0
91223,1614.0
91224,1614.0
91225,1614.0
91226,1614.0
91227,1614.0
91228,1614.0
91229,1615.0
91230,1615.0
91231,1615.0
91232,1615.0
91233,1615.0
91234,1615.0
91235,1615.0
91236,1616.0
91237,1616.0
91238,1616.0
91239,1616.0
91240,1616.0
91241,1616.0
91242,1616.0
91243,1616.0
91244,1617.0
91245,1617.0
91246,1617.0
91247,1617.0
91248,1617.0
91249,1617.0
91250,1617.0
91251,1617.0
91252,1617.0
91253,1617.0
91254,1617.0
91255,1617.0
91256,1618.0
91257,1618.0
91258,1618.0
91259,1618.0
91260,1618.0
91261,1618.0
91262,1618.0
91263,1618.0
91264,1618.0
91265,1618.0
91266,1618.0
91267,1618.0
91268,1619.0
91269,1619.0
91270,1619.0
91271,1619.0
91272,1619.0
91273,1619.0
91274,1619.0
91275,1619.0
91276,1619.0
91277,1619.0
91278,1619.0
91279,1619.0
91280,1619.0
91281,1619.0
91283,1619.0
91282,1619.0
91284,1619.0
91285,1620.0
91286,1620.0
91287,1620.0
91288,1620.0
91289,1620.0
91290,1620.0
91291,1620.0
91292,1620.0
91293,1620.0
91294,1620.0
91295,1620.0
91296,1620.0
91297,1620.0
91298,1620.0
91299,1620.0
91300,1620.0
91301,1620.0
91302,1620.0
91303,1620.0
91304,1620.0
91305,1620.0
91306,1620.0
91307,1620.0
91308,1621.0
91309,1621.0
91310,1621.0
91311,1621.0
91312,1621.0
91313,1621.0
91314,1621.0
91315,1621.0
91316,1621.0
91317,1621.0
91318,1621.0
91319,1621.0
91320,1621.0
91321,1621.0
91322,1621.0
91323,1621.0
91324,1621.0
91325,1621.0
91326,1622.0
91327,1622.0
91328,1622.0
91329,1623.0
91330,1623.0
91331,1623.0
91332,1623.0
91333,1623.0
91334,1623.0
91335,1623.0
91336,1623.0
91337,1623.0
91338,1623.0
91339,1623.0
91340,1623.0
91341,1623.0
91342,1623.0
91343,1623.0
91344,1623.0
91345,1623.0
91346,1623.0
91347,1624.0
91348,1624.0
91349,1624.0
91350,1624.0
91351,1624.0
91352,1625.0
91353,1625.0
91354,1625.0
91355,1625.0
91356,1625.0
91357,1625.0
91358,1625.0
91359,1625.0
91360,1625.0
91361,1625.0
91362,1625.0
91363,1626.0
91364,1626.0
91365,1626.0
91366,1626.0
91367,1626.0
91368,1626.0
91369,1626.0
91370,1626.0
91371,1626.0
91372,1626.0
91373,1626.0
91374,1626.0
91375,1626.0
91376,1626.0
91377,1627.0
91378,1627.0
91379,1627.0
91380,1627.0
91381,1627.0
91382,1627.0
91383,1627.0
91384,1627.0
91385,1627.0
91386,1627.0
91387,1627.0
91388,1627.0
91389,1627.0
91390,1627.0
91391,1627.0
91392,1627.0
91393,1627.0
91394,1627.0
91395,1627.0
91396,1627.0
91397,1627.0
91398,1627.0
91399,1628.0
91400,1628.0
91401,1628.0
91402,1628.0
91403,1628.0
91404,1628.0
91405,1628.0
91406,1628.0
91407,1628.0
91408,1628.0
91409,1628.0
91410,1628.0
91411,1628.0
91412,1629.0
91413,1629.0
91414,1629.0
91415,1629.0
91416,1629.0
91417,1629.0
91418,1629.0
91419,1629.0
91420,1629.0
91421,1629.0
91422,1629.0
91423,1629.0
91424,1629.0
91425,1629.0
91426,1629.0
91427,1629.0
91428,1629.0
91429,1629.0
91430,1630.0
91431,1630.0
91432,1630.0
91433,1630.0
91434,1630.0
91435,1630.0
91436,1630.0
91438,1630.0
91437,1630.0
91439,1630.0
91440,1630.0
91441,1630.0
91442,1630.0
91443,1630.0
91444,1630.0
91445,1630.0
91446,1630.0
91447,1630.0
91448,1630.0
91449,1631.0
91450,1631.0
91451,1631.0
91452,1631.0
91453,1631.0
91454,1631.0
91455,1631.0
91456,1631.0
91458,1632.0
91459,1632.0
91460,1632.0
91461,1632.0
91462,1632.0
91463,1632.0
91464,1632.0
91465,1632.0
91466,1632.0
91467,1632.0
91468,1632.0
91469,1632.0
91470,1632.0
91471,1632.0
91472,1632.0
91473,1633.0
91474,1633.0
91475,1633.0
91476,1633.0
91477,1633.0
91478,1633.0
91479,1633.0
91480,1633.0
91481,1633.0
91482,1633.0
91483,1634.0
91484,1634.0
91485,1634.0
91486,1634.0
91487,1634.0
91488,1634.0
91489,1634.0
91490,1634.0
91491,1634.0
91492,1634.0
91493,1634.0
91494,1634.0
91495,1634.0
91496,1634.0
91497,1634.0
91498,1634.0
91499,1635.0
91500,1635.0
91501,1635.0
91502,1636.0
91503,1636.0
91504,1636.0
91505,1636.0
91506,1636.0
91507,1636.0
91508,1636.0
91509,1636.0
91510,1636.0
91511,1636.0
91512,1636.0
91513,1636.0
91514,1636.0
91515,1636.0
91516,1636.0
91517,1636.0
91518,1636.0
91519,1636.0
91520,1636.0
91521,1636.0
91522,1636.0
91523,1636.0
91524,1637.0
91525,1637.0
91526,1637.0
91527,1637.0
91528,1637.0
91529,1637.0
91530,1637.0
91531,1637.0
91532,1637.0
91533,1637.0
91534,1637.0
91535,1637.0
91536,1637.0
91537,1637.0
91538,1638.0
91539,1638.0
91540,1638.0
91620,1638.0
91621,1638.0
91622,1638.0
91623,1638.0
91624,1638.0
91625,1638.0
91626,1638.0
91627,1638.0
91628,1638.0
91629,1638.0
91630,1639.0
91631,1639.0
91632,1639.0
91633,1639.0
91634,1639.0
91635,1639.0
91636,1639.0
91637,1639.0
91638,1639.0
91639,1639.0
91640,1639.0
91641,1639.0
91642,1639.0
91643,1639.0
91644,1639.0
91645,1639.0
91646,1639.0
91647,1639.0
91648,1639.0
91649,1639.0
91650,1639.0
91652,1640.0
91653,1640.0
91654,1640.0
91655,1640.0
91656,1640.0
91657,1640.0
91658,1640.0
91659,1640.0
91660,1640.0
91661,1640.0
91662,1640.0
91664,1640.0
91663,1640.0
91665,1640.0
91666,1640.0
91667,1640.0
91668,1640.0
91669,1640.0
91670,1640.0
91671,1640.0
91672,1640.0
91673,1640.0
91674,1640.0
91675,1640.0
91676,1640.0
91677,1640.0
91678,1640.0
91679,1640.0
91680,1640.0
91681,1640.0
91682,1640.0
91683,1640.0
91684,1641.0
91685,1641.0
91686,1641.0
91687,1641.0
91688,1641.0
91689,1641.0
91690,1641.0
91691,1641.0
91692,1641.0
91693,1641.0
91694,1642.0
91695,1642.0
91696,1642.0
91697,1642.0
91698,1642.0
91699,1642.0
91700,1642.0
91701,1642.0
91702,1642.0
91703,1642.0
91704,1642.0
91705,1642.0
91706,1642.0
91707,1642.0
91708,1642.0
91709,1642.0
91710,1642.0
91711,1642.0
91712,1642.0
91713,1642.0
91714,1642.0
91715,1643.0
91716,1643.0
91717,1643.0
91718,1643.0
91719,1643.0
91720,1643.0
91721,1643.0
91722,1643.0
91723,1643.0
91724,1643.0
91725,1643.0
91726,1643.0
91727,1643.0
91728,1643.0
91729,1643.0
91730,1643.0
91731,1643.0
91732,1644.0
91733,1644.0
91734,1644.0
91735,1644.0
91736,1644.0
91737,1644.0
91738,1644.0
91739,1644.0
91740,1644.0
91741,1644.0
91742,1644.0
91743,1644.0
91744,1644.0
91745,1644.0
91746,1644.0
91747,1644.0
91748,1644.0
91749,1644.0
91750,1644.0
91751,1644.0
91752,1645.0
91753,1645.0
91754,1645.0
91755,1645.0
91756,1645.0
91757,1645.0
91758,1645.0
91759,1645.0
91762,1645.0
91763,1645.0
91764,1645.0
91765,1645.0
91766,1645.0
91760,1645.0
91761,1645.0
91767,1645.0
91768,1645.0
91769,1646.0
91770,1646.0
91771,1646.0
91772,1646.0
91773,1646.0
91774,1646.0
91775,1646.0
91776,1646.0
91777,1646.0
91778,1646.0
91779,1646.0
91780,1646.0
91781,1646.0
91782,1646.0
91783,1646.0
91784,1646.0
91785,1646.0
91786,1646.0
91787,1646.0
91788,1646.0
91789,1647.0
91790,1647.0
91791,1647.0
91792,1647.0
91793,1647.0
91794,1647.0
91795,1647.0
91796,1647.0
91797,1647.0
91798,1647.0
91799,1647.0
91800,1647.0
91801,1648.0
91802,1648.0
91803,1648.0
91804,1648.0
91805,1648.0
91806,1648.0
91807,1648.0
91808,1648.0
91809,1648.0
91810,1648.0
91811,1648.0
91812,1648.0
91813,1648.0
91814,1648.0
91815,1649.0
91816,1649.0
91817,1649.0
91818,1649.0
91819,1649.0
91821,1649.0
91822,1649.0
91823,1649.0
91824,1649.0
91825,1649.0
91826,1649.0
91827,1649.0
91828,1649.0
91829,1649.0
91830,1649.0
91831,1649.0
91832,1649.0
91833,1650.0
91834,1650.0
91835,1650.0
91836,1650.0
91837,1650.0
91838,1650.0
91839,1650.0
91840,1650.0
91841,1650.0
91842,1650.0
91843,1650.0
91844,1651.0
91845,1651.0
91846,1651.0
91847,1651.0
91848,1651.0
91849,1651.0
91850,1651.0
91851,1651.0
91852,1651.0
91853,1651.0
91854,1651.0
91855,1651.0
91856,1651.0
91857,1651.0
91858,1651.0
91859,1652.0
91860,1652.0
91861,1652.0
91862,1652.0
91863,1652.0
91864,1652.0
91865,1652.0
91866,1652.0
91867,1652.0
91868,1652.0
91869,1652.0
91870,1652.0
91871,1652.0
91872,1652.0
91873,1652.0
91874,1652.0
91875,1652.0
91876,1652.0
91877,1652.0
91878,1652.0
91879,1652.0
91880,1652.0
91882,1653.0
91883,1653.0
91884,1653.0
91885,1653.0
91886,1653.0
91887,1653.0
91888,1653.0
91889,1653.0
91890,1653.0
91891,1653.0
91892,1653.0
91893,1653.0
91894,1653.0
91895,1653.0
91896,1653.0
91897,1653.0
91898,1653.0
91899,1653.0
91900,1653.0
91901,1653.0
91902,1653.0
91903,1654.0
91904,1654.0
91905,1654.0
91906,1654.0
91907,1654.0
91908,1654.0
91909,1654.0
91910,1654.0
91911,1654.0
91912,1654.0
91913,1654.0
91914,1654.0
91915,1654.0
91916,1654.0
91917,1654.0
91918,1654.0
91919,1654.0
91920,1654.0
91921,1654.0
91922,1654.0
91923,1654.0
91924,1654.0
91925,1654.0
91926,1654.0
91927,1654.0
91928,1654.0
91929,1654.0
91930,1654.0
91931,1654.0
91932,1654.0
91933,1654.0
91934,1654.0
91935,1654.0
91936,1654.0
91937,1655.0
91938,1655.0
91939,1655.0
91940,1655.0
91941,1655.0
91942,1655.0
91943,1655.0
91944,1655.0
91945,1655.0
91946,1655.0
91947,1655.0
91948,1655.0
91949,1655.0
91950,1655.0
91951,1655.0
91952,1655.0
91953,1655.0
91954,1655.0
91955,1655.0
91956,1655.0
91957,1655.0
91958,1655.0
91959,1655.0
91960,1655.0
91961,1655.0
91962,1656.0
91963,1656.0
91964,1656.0
91965,1656.0
91966,1656.0
91967,1656.0
91968,1656.0
91969,1656.0
91970,1656.0
91971,1656.0
91972,1656.0
91973,1656.0
91974,1656.0
91975,1656.0
91976,1656.0
91977,1656.0
91978,1656.0
91979,1656.0
91980,1656.0
91981,1656.0
91982,1656.0
91983,1656.0
91984,1656.0
91985,1656.0
91986,1657.0
91987,1657.0
91988,1657.0
91989,1657.0
91990,1657.0
91991,1657.0
91992,1657.0
91993,1657.0
91994,1657.0
91995,1657.0
91996,1657.0
91997,1657.0
91998,1657.0
91999,1657.0
92000,1657.0
92001,1657.0
92002,1658.0
92003,1658.0
92004,1658.0
92005,1658.0
92006,1658.0
92007,1658.0
92008,1658.0
92009,1658.0
92010,1658.0
92011,1658.0
92012,1658.0
92013,1658.0
92014,1658.0
92015,1658.0
92016,1658.0
92017,1658.0
92018,1658.0
92019,1658.0
92020,1658.0
91820,1659.0
92021,1659.0
92022,1659.0
92023,1659.0
92024,1659.0
92025,1659.0
92026,1659.0
92027,1659.0
92028,1659.0
92029,1659.0
92030,1659.0
92031,1659.0
92032,1659.0
92033,1659.0
92034,1659.0
92035,1659.0
92036,1659.0
92037,1660.0
92038,1660.0
92039,1660.0
92040,1660.0
92041,1660.0
92042,1660.0
92043,1660.0
92044,1660.0
92045,1660.0
92046,1660.0
92047,1660.0
92048,1660.0
92049,1660.0
92050,1660.0
92051,1661.0
92052,1661.0
92053,1661.0
92054,1661.0
92055,1661.0
92056,1661.0
92057,1661.0
92058,1661.0
92059,1661.0
92060,1661.0
92061,1661.0
92062,1661.0
92063,1661.0
92064,1661.0
92065,1661.0
92066,1661.0
92067,1661.0
92068,1661.0
92069,1661.0
92070,1661.0
92071,1661.0
92072,1661.0
92073,1661.0
92074,1662.0
92075,1662.0
92076,1662.0
92077,1662.0
92078,1662.0
92079,1662.0
92080,1662.0
92081,1662.0
92082,1662.0
92083,1662.0
92084,1662.0
92085,1662.0
92086,1662.0
92087,1662.0
92088,1662.0
92089,1662.0
92090,1662.0
92091,1662.0
92092,1662.0
92093,1662.0
92094,1662.0
92095,1662.0
92096,1662.0
92097,1662.0
92098,1662.0
92099,1662.0
92100,1662.0
92101,1662.0
92102,1662.0
92103,1662.0
92104,1663.0
92105,1663.0
92106,1663.0
92107,1663.0
92108,1663.0
92109,1663.0
92110,1663.0
92111,1663.0
92112,1663.0
92113,1663.0
92114,1663.0
92115,1663.0
92116,1663.0
92117,1663.0
92118,1663.0
92119,1663.0
92120,1663.0
92121,1663.0
92122,1663.0
92123,1663.0
92124,1663.0
92125,1663.0
92126,1663.0
92127,1663.0
92128,1664.0
92129,1664.0
92130,1664.0
92131,1664.0
92132,1664.0
92133,1664.0
92134,1664.0
92135,1664.0
92136,1664.0
92137,1664.0
92138,1664.0
92139,1664.0
92140,1664.0
92141,1664.0
92142,1664.0
92143,1664.0
92144,1664.0
92145,1664.0
92146,1664.0
92147,1665.0
92148,1665.0
92149,1665.0
92150,1665.0
92151,1665.0
92152,1665.0
92153,1665.0
92154,1665.0
92155,1665.0
92156,1665.0
92157,1665.0
92158,1665.0
92159,1665.0
92160,1665.0
92161,1665.0
92162,1665.0
92163,1666.0
92164,1666.0
91541,1666.0
91542,1666.0
91543,1666.0
91544,1666.0
91545,1666.0
91546,1666.0
91547,1666.0
91548,1666.0
91549,1666.0
91550,1666.0
91551,1666.0
91552,1666.0
91553,1666.0
91554,1666.0
91555,1666.0
91556,1666.0
91557,1667.0
91558,1667.0
91559,1667.0
91560,1667.0
91561,1667.0
91562,1667.0
91563,1667.0
91564,1667.0
91565,1667.0
91566,1667.0
91567,1667.0
91568,1667.0
91569,1667.0
91570,1667.0
91571,1667.0
91572,1667.0
91573,1667.0
91574,1667.0
92165,1667.0
92166,1667.0
92167,1667.0
92168,1667.0
92169,1667.0
92170,1667.0
92171,1667.0
92172,1668.0
92173,1668.0
92174,1668.0
92175,1668.0
92176,1668.0
92177,1668.0
92178,1668.0
92179,1668.0
92180,1668.0
92181,1668.0
92182,1668.0
92183,1668.0
92184,1668.0
92185,1668.0
92186,1668.0
92187,1668.0
92188,1668.0
92189,1668.0
92190,1668.0
92191,1668.0
92192,1668.0
92193,1668.0
92194,1668.0
92195,1668.0
92196,1668.0
92197,1668.0
92198,1668.0
92199,1668.0
92200,1668.0
92201,1668.0
92202,1668.0
92203,1668.0
92204,1668.0
92205,1668.0
92206,1668.0
92207,1668.0
92208,1668.0
92209,1668.0
92210,1668.0
92211,1669.0
92212,1669.0
92213,1669.0
92214,1669.0
92215,1669.0
92216,1669.0
92217,1669.0
92218,1669.0
92219,1669.0
92220,1669.0
92221,1669.0
92222,1669.0
92223,1669.0
92224,1669.0
92225,1669.0
92226,1669.0
92227,1669.0
92228,1669.0
92229,1669.0
92230,1669.0
92231,1669.0
92232,1669.0
92233,1669.0
92234,1669.0
92235,1669.0
92236,1669.0
92237,1669.0
92238,1669.0
92239,1669.0
92240,1669.0
92241,1669.0
92242,1669.0
92243,1669.0
92244,1670.0
92245,1670.0
92246,1670.0
92247,1670.0
92248,1670.0
92249,1670.0
92250,1670.0
92251,1670.0
92252,1670.0
92253,1670.0
92254,1670.0
92255,1670.0
92256,1670.0
92257,1670.0
92258,1670.0
92259,1670.0
92260,1670.0
92261,1670.0
92262,1670.0
92263,1671.0
92264,1671.0
92265,1671.0
92266,1671.0
92267,1671.0
92268,1671.0
92269,1671.0
92270,1671.0
92271,1671.0
92272,1671.0
92273,1671.0
92274,1671.0
92275,1671.0
92276,1671.0
92277,1671.0
92278,1671.0
92279,1671.0
92280,1671.0
92281,1671.0
92282,1671.0
92283,1671.0
92284,1671.0
92285,1671.0
92286,1671.0
92287,1671.0
92288,1671.0
92289,1671.0
92290,1671.0
92291,1671.0
92292,1671.0
92293,1671.0
92294,1671.0
92295,1671.0
92296,1671.0
92297,1671.0
92298,1671.0
92299,1671.0
92300,1671.0
92301,1671.0
92302,1671.0
92303,1671.0
92304,1671.0
92305,1672.0
92306,1672.0
92307,1672.0
92308,1672.0
92309,1672.0
92310,1672.0
92311,1672.0
92312,1672.0
92313,1672.0
92314,1672.0
92315,1672.0
92316,1672.0
92317,1672.0
92318,1672.0
92319,1672.0
92320,1672.0
92321,1672.0
92322,1672.0
92323,1672.0
92324,1672.0
92325,1673.0
92326,1673.0
92327,1673.0
92328,1673.0
92329,1673.0
92330,1673.0
92331,1673.0
92332,1673.0
92333,1673.0
92334,1673.0
92335,1673.0
92336,1673.0
92337,1673.0
92338,1673.0
92339,1673.0
92340,1673.0
92341,1673.0
92342,1674.0
92343,1674.0
92344,1674.0
92345,1674.0
92346,1674.0
92347,1674.0
92348,1674.0
92349,1674.0
92350,1674.0
92351,1674.0
92352,1674.0
92353,1674.0
92354,1674.0
92355,1674.0
92356,1674.0
92357,1674.0
92358,1674.0
92359,1674.0
92360,1674.0
92361,1674.0
92362,1675.0
92363,1675.0
92364,1675.0
92365,1675.0
92366,1675.0
92367,1675.0
92368,1675.0
92369,1675.0
92370,1675.0
92371,1675.0
92372,1675.0
92373,1675.0
92374,1675.0
92375,1675.0
92376,1675.0
92377,1675.0
92378,1675.0
92379,1675.0
92380,1675.0
92381,1675.0
92382,1675.0
92383,1675.0
92384,1675.0
92385,1675.0
92386,1675.0
92387,1675.0
92388,1675.0
92389,1675.0
92390,1675.0
92391,1675.0
92392,1675.0
92393,1676.0
92394,1676.0
92395,1676.0
92396,1676.0
92397,1676.0
92398,1676.0
92399,1676.0
92400,1676.0
92401,1676.0
92402,1676.0
92403,1676.0
92404,1676.0
92405,1676.0
92406,1676.0
92407,1676.0
92408,1676.0
92409,1676.0
92410,1676.0
92411,1676.0
92412,1676.0
92413,1676.0
92414,1676.0
92415,1676.0
92416,1676.0
92417,1676.0
92418,1676.0
92419,1676.0
92420,1676.0
92421,1676.0
92422,1676.0
92423,1677.0
92424,1677.0
92425,1677.0
92426,1677.0
92427,1677.0
91575,1677.0
91576,1677.0
92428,1677.0
91577,1677.0
91578,1677.0
91579,1677.0
91580,1677.0
91581,1677.0
91582,1677.0
91583,1677.0
91584,1677.0
91585,1677.0
91588,1677.0
91589,1678.0
91590,1678.0
91591,1678.0
91592,1678.0
91586,1678.0
91587,1678.0
91593,1678.0
91594,1678.0
91595,1678.0
91596,1678.0
91597,1678.0
92429,1678.0
92430,1678.0
92431,1678.0
92432,1678.0
92433,1678.0
92434,1678.0
92435,1678.0
92436,1678.0
92437,1678.0
92438,1678.0
92439,1679.0
92440,1679.0
92441,1679.0
92442,1679.0
92443,1679.0
92444,1679.0
92445,1679.0
92446,1680.0
92447,1680.0
92448,1680.0
92449,1680.0
92450,1680.0
92451,1680.0
92452,1680.0
92453,1680.0
92454,1680.0
92455,1680.0
92456,1680.0
92457,1680.0
92458,1680.0
92459,1680.0
92460,1680.0
92461,1680.0
92462,1680.0
92463,1680.0
92464,1680.0
92465,1680.0
92466,1680.0
92467,1680.0
92468,1681.0
92469,1681.0
92470,1681.0
92471,1681.0
92472,1681.0
92473,1681.0
92474,1681.0
92475,1681.0
92476,1681.0
92477,1681.0
92478,1681.0
92479,1681.0
92480,1681.0
92481,1681.0
92482,1682.0
92483,1682.0
92484,1682.0
92485,1682.0
92486,1682.0
92487,1682.0
92488,1682.0
92489,1682.0
92490,1682.0
92491,1682.0
92492,1682.0
92493,1682.0
92494,1682.0
92495,1682.0
92496,1682.0
92497,1682.0
92498,1682.0
92499,1682.0
92500,1682.0
92501,1682.0
92502,1682.0
92503,1682.0
92504,1682.0
92505,1682.0
92506,1682.0
92507,1682.0
92508,1682.0
92509,1683.0
92510,1683.0
92511,1683.0
92512,1683.0
92513,1683.0
92514,1683.0
92515,1683.0
92516,1683.0
92517,1683.0
92518,1683.0
92519,1683.0
92520,1683.0
92521,1683.0
92522,1683.0
92523,1683.0
92524,1683.0
92525,1683.0
92526,1683.0
92527,1683.0
92528,1683.0
92529,1683.0
92530,1684.0
92531,1684.0
92532,1684.0
92533,1684.0
92534,1684.0
92535,1684.0
92536,1684.0
92537,1684.0
92538,1684.0
92539,1684.0
92540,1684.0
92541,1684.0
92542,1684.0
92543,1684.0
92544,1684.0
92545,1684.0
92546,1684.0
92547,1684.0
92548,1684.0
92549,1684.0
92550,1684.0
92551,1684.0
92552,1684.0
92553,1684.0
92554,1684.0
92555,1684.0
92556,1685.0
92557,1685.0
92558,1685.0
92559,1685.0
92560,1685.0
92561,1685.0
92562,1685.0
92563,1685.0
92564,1685.0
92565,1685.0
92566,1685.0
92567,1685.0
92568,1685.0
92569,1685.0
92570,1686.0
92571,1686.0
92572,1686.0
92573,1686.0
92574,1686.0
92575,1686.0
92576,1686.0
92577,1686.0
92578,1686.0
92579,1686.0
92580,1686.0
99185,1686.0
92581,1686.0
92582,1686.0
92583,1686.0
92584,1686.0
92585,1686.0
92586,1686.0
92587,1686.0
92588,1686.0
92590,1687.0
92591,1687.0
92592,1687.0
92593,1687.0
92594,1687.0
92595,1687.0
92596,1687.0
92597,1687.0
92598,1687.0
92599,1687.0
92600,1687.0
92601,1687.0
92602,1687.0
92603,1687.0
92604,1687.0
92605,1687.0
92606,1687.0
92607,1687.0
92608,1687.0
92609,1687.0
92610,1687.0
92611,1687.0
92612,1687.0
92613,1687.0
92614,1688.0
92615,1688.0
92616,1688.0
92617,1688.0
92618,1688.0
92619,1688.0
92620,1688.0
92621,1688.0
92622,1688.0
92623,1688.0
92624,1688.0
92625,1688.0
92626,1688.0
92627,1688.0
92628,1688.0
92629,1688.0
92630,1688.0
92631,1688.0
92632,1688.0
92633,1688.0
92634,1689.0
92635,1689.0
92636,1689.0
92637,1689.0
92638,1689.0
92639,1689.0
92640,1689.0
92641,1689.0
92642,1689.0
92643,1689.0
92644,1689.0
92645,1689.0
92646,1689.0
92647,1689.0
92648,1689.0
92649,1689.0
92650,1690.0
92651,1690.0
92652,1690.0
92653,1690.0
92654,1690.0
92655,1690.0
92656,1690.0
92657,1690.0
92658,1690.0
92659,1690.0
92660,1690.0
92661,1690.0
92662,1690.0
92663,1690.0
92664,1690.0
92665,1690.0
92666,1690.0
92667,1690.0
92668,1690.0
92669,1690.0
92670,1690.0
92671,1691.0
92672,1691.0
92673,1691.0
92674,1691.0
92675,1691.0
92676,1691.0
92677,1691.0
92678,1691.0
92679,1691.0
92680,1691.0
92681,1691.0
92682,1691.0
92683,1691.0
92684,1691.0
92685,1691.0
92686,1691.0
92687,1691.0
92688,1691.0
92689,1691.0
92690,1691.0
92691,1691.0
92692,1691.0
92693,1692.0
92694,1692.0
92695,1692.0
92696,1692.0
92697,1692.0
92698,1692.0
92699,1692.0
92700,1692.0
92701,1692.0
92702,1692.0
92703,1692.0
92704,1692.0
92705,1692.0
92706,1692.0
92707,1692.0
92708,1692.0
92709,1692.0
92710,1692.0
92711,1692.0
92712,1692.0
92713,1692.0
92714,1692.0
92715,1693.0
92716,1693.0
92717,1693.0
92718,1693.0
92719,1693.0
92720,1693.0
92721,1693.0
92722,1693.0
92723,1693.0
92724,1693.0
92725,1693.0
92726,1693.0
92727,1693.0
92728,1693.0
92729,1693.0
92730,1693.0
92731,1693.0
92732,1693.0
92733,1693.0
92734,1693.0
92735,1693.0
92736,1694.0
92737,1694.0
92738,1694.0
92739,1694.0
92740,1694.0
92741,1694.0
92742,1694.0
92743,1694.0
92744,1694.0
92745,1694.0
92746,1694.0
92747,1694.0
92748,1694.0
92749,1694.0
92750,1694.0
92751,1694.0
92752,1694.0
92753,1694.0
92754,1694.0
92755,1694.0
92756,1694.0
92757,1694.0
92758,1694.0
92759,1694.0
92760,1694.0
92761,1694.0
92762,1694.0
92763,1694.0
92764,1694.0
92765,1694.0
92766,1695.0
92767,1695.0
92768,1695.0
92769,1695.0
92770,1695.0
92771,1695.0
92772,1695.0
92773,1695.0
92774,1695.0
92775,1695.0
92776,1695.0
92777,1695.0
92778,1695.0
92779,1695.0
92780,1695.0
92781,1695.0
92782,1695.0
92783,1695.0
92784,1695.0
92785,1695.0
92786,1695.0
92787,1695.0
92788,1695.0
92789,1695.0
92790,1695.0
92791,1695.0
92792,1695.0
92793,1695.0
92794,1695.0
92795,1695.0
92796,1696.0
92797,1696.0
92798,1696.0
92799,1696.0
92800,1696.0
92801,1696.0
92802,1696.0
92803,1696.0
92804,1696.0
92805,1696.0
92806,1696.0
92807,1696.0
92808,1696.0
92809,1696.0
92810,1696.0
92811,1696.0
92812,1696.0
92813,1697.0
92814,1697.0
92815,1697.0
92816,1697.0
92817,1697.0
92818,1697.0
92819,1697.0
92820,1697.0
92821,1697.0
92822,1697.0
92823,1697.0
92824,1697.0
92825,1697.0
92826,1697.0
92827,1697.0
92828,1697.0
92829,1697.0
92830,1697.0
92831,1698.0
92832,1698.0
92833,1698.0
92834,1698.0
92835,1698.0
92836,1698.0
92837,1698.0
92838,1698.0
92839,1698.0
92840,1698.0
92841,1698.0
92842,1698.0
92843,1698.0
92844,1698.0
92845,1698.0
92846,1698.0
92847,1698.0
92848,1698.0
92849,1699.0
92850,1699.0
92851,1699.0
92852,1699.0
92853,1699.0
92854,1699.0
92855,1699.0
92856,1699.0
92857,1699.0
92858,1699.0
92859,1699.0
92860,1699.0
92861,1699.0
92862,1699.0
92863,1699.0
92864,1699.0
92865,1699.0
92866,1699.0
92867,1699.0
92868,1699.0
92869,1699.0
92870,1699.0
92871,1699.0
92872,1699.0
92873,1699.0
92874,1699.0
92875,1699.0
92876,1699.0
92877,1699.0
92878,1699.0
92879,1699.0
92880,1699.0
92881,1699.0
92882,1699.0
92883,1700.0
92884,1700.0
92885,1700.0
92886,1700.0
92887,1700.0
92888,1700.0
92889,1700.0
92890,1700.0
92891,1700.0
92892,1700.0
92893,1700.0
92894,1700.0
92895,1700.0
92896,1700.0
92897,1700.0
92898,1700.0
92899,1700.0
92900,1700.0
92901,1700.0
92902,1700.0
92903,1700.0
92904,1700.0
92905,1700.0
92906,1700.0
92907,1700.0
92908,1700.0
92909,1700.0
92910,1700.0
92911,1700.0
92912,1700.0
92942,1701.0
92913,1701.0
92914,1701.0
92915,1701.0
92916,1701.0
92917,1701.0
92918,1701.0
92919,1701.0
92920,1701.0
92921,1701.0
92922,1701.0
92923,1701.0
92924,1701.0
92925,1701.0
92926,1701.0
92927,1701.0
92928,1701.0
92929,1701.0
92930,1701.0
92931,1701.0
92932,1701.0
92933,1701.0
92934,1701.0
92935,1701.0
92936,1701.0
92937,1701.0
92938,1701.0
92939,1701.0
92940,1701.0
92941,1701.0
92943,1702.0
92944,1702.0
92945,1702.0
92946,1702.0
92947,1702.0
92948,1702.0
92949,1702.0
92950,1702.0
92951,1702.0
92952,1702.0
92953,1702.0
92954,1702.0
92955,1702.0
92956,1702.0
92957,1702.0
92958,1702.0
92959,1702.0
92960,1702.0
92961,1702.0
92962,1703.0
92963,1703.0
92964,1703.0
92965,1703.0
92966,1703.0
92967,1703.0
92968,1703.0
92969,1703.0
92970,1703.0
92971,1703.0
92972,1703.0
92973,1703.0
92974,1703.0
92975,1703.0
92976,1703.0
92977,1703.0
92978,1703.0
92979,1703.0
92980,1703.0
92981,1703.0
92982,1703.0
92983,1703.0
92984,1703.0
92985,1703.0
92986,1703.0
92987,1703.0
92988,1703.0
92989,1703.0
92990,1703.0
92991,1703.0
92992,1703.0
92993,1704.0
92994,1704.0
92995,1704.0
92996,1704.0
92997,1704.0
92998,1704.0
92999,1704.0
93000,1704.0
93001,1704.0
93002,1704.0
93003,1704.0
93004,1704.0
93005,1704.0
93006,1704.0
93007,1704.0
93008,1704.0
93009,1704.0
93010,1704.0
93011,1704.0
93012,1704.0
93013,1704.0
93014,1704.0
93015,1704.0
93016,1704.0
93017,1704.0
93018,1704.0
93019,1704.0
93020,1705.0
93021,1705.0
93022,1705.0
93023,1705.0
93024,1705.0
93025,1705.0
93026,1705.0
93027,1705.0
93028,1705.0
93029,1705.0
93030,1705.0
93031,1705.0
93032,1705.0
93033,1705.0
93034,1705.0
93035,1705.0
93036,1705.0
93037,1705.0
93038,1705.0
93039,1705.0
93040,1705.0
93041,1705.0
93042,1705.0
93043,1705.0
93044,1705.0
93045,1705.0
93046,1705.0
93047,1705.0
93048,1706.0
93049,1706.0
93050,1706.0
93051,1706.0
93052,1706.0
93053,1706.0
93054,1706.0
93055,1706.0
93056,1706.0
93057,1706.0
93058,1706.0
93059,1706.0
93060,1706.0
93061,1706.0
93062,1706.0
93063,1706.0
93064,1706.0
93065,1706.0
93066,1706.0
93067,1706.0
93068,1706.0
93069,1706.0
93070,1706.0
93071,1706.0
93072,1706.0
93073,1706.0
93074,1706.0
93075,1706.0
93076,1707.0
93077,1707.0
93078,1707.0
93079,1707.0
93080,1707.0
93081,1707.0
93082,1707.0
93096,1707.0
93083,1707.0
93084,1707.0
93085,1707.0
93086,1707.0
93087,1707.0
93088,1707.0
93089,1707.0
93090,1707.0
93091,1707.0
93092,1707.0
93093,1707.0
93094,1707.0
93095,1707.0
93097,1707.0
93098,1707.0
93099,1707.0
93100,1707.0
93101,1707.0
93102,1707.0
93103,1707.0
93104,1707.0
93105,1708.0
93106,1708.0
93107,1708.0
93108,1708.0
93109,1708.0
93110,1708.0
93111,1708.0
93112,1708.0
93113,1708.0
93114,1708.0
93115,1708.0
93116,1708.0
93117,1708.0
93118,1708.0
93119,1708.0
93120,1708.0
93121,1708.0
93122,1708.0
93123,1708.0
93124,1708.0
93125,1708.0
93126,1708.0
93127,1708.0
93128,1708.0
93129,1709.0
93130,1709.0
93131,1709.0
93132,1709.0
93133,1709.0
93134,1709.0
93135,1709.0
93136,1709.0
93137,1709.0
93138,1709.0
93139,1709.0
93140,1709.0
93141,1709.0
93142,1709.0
93143,1709.0
93144,1709.0
93145,1709.0
93146,1709.0
93147,1709.0
93148,1709.0
93149,1709.0
93150,1709.0
93151,1709.0
93152,1709.0
93153,1709.0
93154,1709.0
93155,1710.0
93156,1710.0
93157,1710.0
93158,1710.0
93159,1710.0
93160,1710.0
93161,1710.0
93162,1710.0
93163,1710.0
93164,1710.0
93165,1710.0
93166,1710.0
93167,1710.0
93168,1710.0
93169,1710.0
93170,1710.0
93171,1710.0
93172,1710.0
93173,1710.0
93174,1710.0
93175,1710.0
93176,1710.0
93177,1710.0
93178,1710.0
93179,1710.0
93180,1710.0
93181,1710.0
93182,1710.0
93183,1710.0
93184,1710.0
93185,1710.0
93186,1710.0
93187,1711.0
93188,1711.0
93189,1711.0
93190,1711.0
93191,1711.0
93192,1711.0
93193,1711.0
93194,1711.0
93195,1711.0
93196,1711.0
93197,1711.0
93198,1711.0
93199,1711.0
93200,1711.0
93201,1711.0
93202,1711.0
93203,1711.0
93204,1711.0
93205,1711.0
93206,1711.0
93207,1711.0
93208,1711.0
93209,1711.0
93210,1711.0
93211,1711.0
93212,1711.0
93213,1711.0
93214,1712.0
93215,1712.0
93216,1712.0
93217,1712.0
93218,1712.0
93219,1712.0
93220,1712.0
93221,1712.0
93222,1712.0
93223,1712.0
93224,1712.0
93225,1712.0
93226,1712.0
93227,1712.0
93228,1712.0
93229,1712.0
93230,1712.0
93231,1712.0
93232,1712.0
93233,1712.0
93234,1712.0
93235,1712.0
93236,1712.0
93237,1712.0
93238,1712.0
93239,1713.0
93240,1713.0
93241,1713.0
93242,1713.0
93243,1713.0
93244,1713.0
93245,1713.0
93246,1713.0
93247,1713.0
93248,1713.0
93249,1713.0
93250,1713.0
93251,1713.0
93252,1713.0
93253,1713.0
93254,1713.0
93255,1713.0
93256,1713.0
93257,1713.0
93258,1713.0
93259,1713.0
93260,1713.0
93261,1713.0
93262,1713.0
93263,1713.0
93264,1713.0
93265,1714.0
93266,1714.0
93267,1714.0
93268,1714.0
93269,1714.0
93270,1714.0
93271,1714.0
93272,1714.0
93273,1714.0
93274,1714.0
93275,1714.0
93276,1714.0
93277,1714.0
93278,1714.0
93279,1714.0
93280,1714.0
93281,1714.0
93282,1714.0
93283,1714.0
93284,1714.0
93285,1714.0
93286,1714.0
93287,1714.0
91598,1714.0
91599,1714.0
93288,1714.0
91600,1715.0
91601,1715.0
91602,1715.0
91603,1715.0
91604,1715.0
91605,1715.0
91606,1715.0
91607,1715.0
91608,1715.0
91609,1715.0
93289,1715.0
93290,1715.0
93291,1715.0
93292,1715.0
93293,1715.0
93294,1715.0
93295,1715.0
93296,1715.0
93297,1715.0
93298,1715.0
93299,1715.0
93300,1715.0
93301,1715.0
93302,1715.0
93303,1715.0
93304,1715.0
93305,1715.0
93306,1715.0
93307,1716.0
93308,1716.0
93309,1716.0
93310,1716.0
93311,1716.0
93312,1716.0
93313,1716.0
93314,1716.0
93315,1716.0
93316,1716.0
93317,1716.0
93318,1716.0
93319,1716.0
93320,1716.0
93321,1716.0
93322,1716.0
93323,1716.0
93324,1716.0
93325,1716.0
93326,1716.0
93327,1716.0
93328,1716.0
93329,1716.0
93330,1716.0
93331,1716.0
93332,1716.0
93333,1716.0
93334,1716.0
93335,1716.0
93336,1716.0
93337,1716.0
93338,1716.0
93339,1716.0
93340,1716.0
93341,1717.0
93342,1717.0
93343,1717.0
93344,1717.0
93345,1717.0
93346,1717.0
93347,1717.0
93348,1717.0
93349,1717.0
93350,1717.0
93351,1717.0
93352,1717.0
93353,1717.0
93354,1717.0
93355,1717.0
93356,1717.0
93357,1717.0
93358,1717.0
93359,1717.0
93360,1717.0
93361,1717.0
93362,1717.0
93363,1717.0
93364,1717.0
93365,1717.0
93366,1717.0
93367,1717.0
93368,1717.0
93369,1717.0
93370,1717.0
93371,1717.0
93372,1717.0
93373,1717.0
93374,1717.0
93375,1718.0
93376,1718.0
93377,1718.0
93378,1718.0
93379,1718.0
93380,1718.0
93381,1718.0
93382,1718.0
93383,1718.0
93384,1718.0
93385,1718.0
93386,1718.0
93387,1718.0
93388,1718.0
93389,1718.0
93390,1718.0
93391,1718.0
93392,1718.0
93393,1718.0
93394,1718.0
93395,1718.0
93396,1718.0
93397,1718.0
93398,1718.0
93399,1718.0
93400,1718.0
93401,1718.0
93402,1718.0
93403,1718.0
93404,1718.0
93405,1718.0
93406,1718.0
93407,1718.0
93408,1718.0
93409,1718.0
93410,1718.0
93411,1718.0
93412,1718.0
93413,1719.0
93414,1719.0
93415,1719.0
93416,1719.0
93417,1719.0
93418,1719.0
93419,1719.0
93420,1719.0
93421,1719.0
93422,1719.0
93423,1719.0
93424,1719.0
93425,1719.0
93426,1719.0
93427,1719.0
93428,1719.0
93429,1719.0
93430,1719.0
93431,1719.0
93432,1719.0
93433,1719.0
93434,1719.0
93435,1719.0
93436,1719.0
93437,1719.0
93438,1719.0
93439,1719.0
93440,1719.0
93441,1719.0
93442,1719.0
93443,1719.0
93444,1719.0
93445,1719.0
93446,1719.0
93447,1719.0
93448,1719.0
93449,1719.0
93450,1719.0
93451,1719.0
93452,1719.0
93453,1719.0
93454,1719.0
93455,1719.0
93456,1719.0
93457,1719.0
93458,1719.0
93459,1719.0
93460,1719.0
93461,1720.0
93462,1720.0
93463,1720.0
93464,1720.0
93465,1720.0
93466,1720.0
93467,1720.0
93468,1720.0
93469,1720.0
93470,1720.0
93471,1720.0
93472,1720.0
93473,1720.0
93474,1720.0
93475,1720.0
93476,1720.0
93477,1720.0
93478,1720.0
93479,1720.0
93480,1720.0
93481,1720.0
93482,1720.0
93483,1720.0
93484,1721.0
93485,1721.0
93486,1721.0
93487,1721.0
93488,1721.0
93489,1721.0
93490,1721.0
93491,1721.0
93492,1721.0
93493,1721.0
93494,1721.0
93495,1721.0
93496,1721.0
93497,1721.0
93498,1721.0
93499,1721.0
93500,1721.0
93501,1721.0
93502,1721.0
93503,1721.0
93504,1721.0
93505,1721.0
93506,1721.0
93507,1721.0
93508,1721.0
93509,1721.0
93510,1721.0
93511,1721.0
93512,1721.0
93513,1721.0
93514,1721.0
93515,1721.0
93516,1721.0
93517,1721.0
93518,1721.0
93519,1721.0
93520,1721.0
93521,1721.0
93522,1721.0
93523,1721.0
93524,1721.0
93525,1721.0
93526,1721.0
93527,1721.0
93528,1721.0
93529,1721.0
93530,1721.0
93531,1721.0
93532,1721.0
93533,1721.0
93534,1722.0
93535,1722.0
93536,1722.0
93537,1722.0
93538,1722.0
93539,1722.0
93540,1722.0
93541,1722.0
93542,1722.0
93543,1722.0
93544,1722.0
93545,1722.0
93546,1722.0
93547,1722.0
93548,1722.0
93549,1722.0
93550,1722.0
93551,1722.0
93552,1722.0
93553,1722.0
93554,1722.0
93555,1722.0
93556,1722.0
93557,1722.0
93558,1722.0
93559,1722.0
93560,1722.0
93561,1722.0
93562,1723.0
93563,1723.0
93564,1723.0
93565,1723.0
93566,1723.0
93567,1723.0
93568,1723.0
93569,1723.0
93570,1723.0
93571,1723.0
93572,1723.0
93573,1723.0
93574,1723.0
93575,1723.0
91610,1723.0
93576,1723.0
93577,1723.0
93578,1723.0
93579,1723.0
91611,1723.0
91612,1723.0
91613,1723.0
91614,1723.0
91615,1723.0
91616,1723.0
91617,1723.0
93595,1723.0
91618,1723.0
91619,1723.0
93580,1723.0
93581,1723.0
93582,1723.0
93583,1723.0
93584,1723.0
93585,1723.0
93586,1723.0
93587,1723.0
93588,1723.0
93589,1723.0
93590,1723.0
93591,1723.0
93592,1723.0
93593,1723.0
93594,1723.0
93596,1723.0
93597,1723.0
93598,1723.0
93599,1723.0
93600,1723.0
93601,1724.0
93602,1724.0
93603,1724.0
93604,1724.0
93605,1724.0
93606,1724.0
93607,1724.0
93608,1724.0
93609,1724.0
93610,1724.0
93611,1724.0
93612,1724.0
93613,1724.0
93614,1724.0
93615,1724.0
93616,1724.0
93617,1724.0
93618,1724.0
93619,1724.0
93620,1724.0
93621,1724.0
93622,1724.0
93623,1724.0
93624,1724.0
93625,1724.0
93670,1724.0
93671,1724.0
93672,1724.0
93673,1724.0
93674,1724.0
93675,1724.0
93676,1724.0
93677,1724.0
93678,1724.0
93679,1724.0
93680,1724.0
93681,1724.0
93682,1724.0
93683,1724.0
93684,1724.0
93685,1724.0
93686,1724.0
93687,1724.0
93688,1724.0
93689,1724.0
93690,1724.0
93691,1725.0
93692,1725.0
93693,1725.0
93694,1725.0
93695,1725.0
93696,1725.0
93697,1725.0
93698,1725.0
93699,1725.0
93700,1725.0
93701,1725.0
93702,1725.0
93703,1725.0
93704,1725.0
93705,1725.0
93706,1725.0
93707,1725.0
93708,1725.0
93709,1725.0
93710,1725.0
93711,1725.0
93712,1725.0
93713,1725.0
93714,1725.0
93715,1725.0
93716,1725.0
93717,1725.0
93718,1725.0
93719,1725.0
93720,1725.0
93721,1725.0
93722,1725.0
93723,1725.0
93724,1725.0
93725,1726.0
93726,1726.0
93727,1726.0
93728,1726.0
93729,1726.0
93730,1726.0
93731,1726.0
93732,1726.0
93733,1726.0
93734,1726.0
93735,1726.0
93736,1726.0
93737,1726.0
93738,1726.0
93739,1726.0
93740,1726.0
93741,1726.0
93742,1726.0
93743,1726.0
93744,1726.0
93745,1726.0
93746,1726.0
93747,1726.0
93748,1726.0
93749,1726.0
93750,1726.0
93751,1726.0
93752,1726.0
93753,1726.0
93754,1726.0
93755,1726.0
93756,1726.0
93757,1726.0
93758,1726.0
93759,1726.0
93760,1726.0
93761,1726.0
93762,1726.0
93763,1727.0
93764,1727.0
93765,1727.0
93766,1727.0
93767,1727.0
93768,1727.0
93769,1727.0
93770,1727.0
93771,1727.0
93772,1727.0
93773,1727.0
93774,1727.0
93775,1727.0
93776,1727.0
93777,1727.0
93778,1727.0
93779,1727.0
93780,1727.0
93781,1727.0
93782,1727.0
93783,1727.0
93784,1727.0
93785,1727.0
93786,1727.0
93787,1727.0
93788,1727.0
93789,1727.0
93790,1727.0
93791,1727.0
93792,1727.0
93793,1727.0
93794,1727.0
93795,1727.0
93796,1727.0
93797,1727.0
93798,1728.0
93799,1728.0
93800,1728.0
93801,1728.0
93802,1728.0
93803,1728.0
93804,1728.0
93805,1728.0
93806,1728.0
93807,1728.0
93808,1728.0
93809,1728.0
93810,1728.0
93811,1728.0
93812,1728.0
93813,1728.0
93814,1728.0
93815,1728.0
93816,1728.0
93817,1728.0
93818,1728.0
93819,1728.0
93820,1728.0
93821,1728.0
93822,1728.0
93823,1728.0
93824,1728.0
93825,1728.0
93826,1728.0
93827,1728.0
93828,1728.0
93829,1728.0
93830,1728.0
93831,1728.0
93832,1728.0
93833,1728.0
93834,1728.0
93835,1728.0
93836,1728.0
93837,1728.0
93838,1728.0
93839,1728.0
93840,1728.0
93841,1729.0
93842,1729.0
93843,1729.0
93844,1729.0
93845,1729.0
93846,1729.0
93847,1729.0
93848,1729.0
93849,1729.0
93850,1729.0
93851,1729.0
93852,1729.0
93853,1729.0
93854,1729.0
93855,1729.0
93856,1729.0
93857,1729.0
93858,1729.0
93859,1729.0
93860,1729.0
93861,1729.0
93862,1729.0
93863,1729.0
93864,1729.0
93865,1729.0
93866,1729.0
93867,1729.0
93868,1729.0
93869,1729.0
93870,1729.0
93871,1729.0
93872,1730.0
93873,1730.0
93874,1730.0
93875,1730.0
93876,1730.0
93877,1730.0
93878,1730.0
93879,1730.0
93880,1730.0
93881,1730.0
93626,1730.0
93627,1730.0
93628,1730.0
93629,1730.0
93630,1730.0
93631,1730.0
93632,1730.0
93633,1730.0
93634,1730.0
93635,1730.0
93636,1730.0
93637,1730.0
93638,1730.0
93639,1730.0
93640,1730.0
93641,1730.0
93642,1730.0
93643,1730.0
93644,1730.0
93645,1730.0
93646,1730.0
93647,1730.0
93648,1730.0
93649,1730.0
93650,1730.0
93651,1730.0
93652,1730.0
93653,1730.0
93654,1730.0
93655,1730.0
93656,1730.0
93657,1730.0
93658,1731.0
93659,1731.0
93660,1731.0
93661,1731.0
93662,1731.0
93663,1731.0
93664,1731.0
93665,1731.0
93666,1731.0
93667,1731.0
93668,1731.0
93669,1731.0
93882,1731.0
93883,1731.0
93884,1731.0
93885,1731.0
93886,1731.0
93887,1731.0
93888,1731.0
93889,1731.0
93890,1731.0
93891,1731.0
93892,1731.0
93893,1731.0
93894,1731.0
93895,1731.0
93896,1731.0
93897,1731.0
93898,1731.0
93899,1731.0
93900,1732.0
93901,1732.0
93902,1732.0
93903,1732.0
93904,1732.0
93905,1732.0
93906,1732.0
93907,1732.0
93908,1732.0
93909,1732.0
93910,1732.0
93911,1732.0
93912,1732.0
93913,1732.0
93914,1732.0
93915,1732.0
93916,1732.0
93917,1732.0
93918,1732.0
93919,1732.0
93920,1732.0
93921,1732.0
93922,1732.0
93923,1732.0
93924,1732.0
93925,1732.0
93926,1732.0
93927,1732.0
93928,1732.0
93929,1732.0
93930,1732.0
93931,1732.0
93932,1732.0
93933,1732.0
93934,1732.0
93935,1732.0
93936,1732.0
93937,1732.0
93938,1732.0
93939,1733.0
93940,1733.0
93941,1733.0
93942,1733.0
93943,1733.0
93944,1733.0
93945,1733.0
93946,1733.0
93947,1733.0
93948,1733.0
93949,1733.0
93950,1733.0
93951,1733.0
93952,1733.0
93953,1733.0
93954,1733.0
93955,1733.0
93956,1733.0
93957,1733.0
93958,1733.0
93959,1733.0
93960,1733.0
93961,1733.0
93962,1733.0
93963,1733.0
93964,1733.0
93965,1733.0
93966,1733.0
93967,1734.0
93968,1734.0
93969,1734.0
93970,1734.0
93971,1734.0
93972,1734.0
93973,1734.0
93974,1734.0
93975,1734.0
93976,1734.0
93977,1734.0
93978,1734.0
93979,1734.0
93980,1734.0
93981,1734.0
93982,1734.0
93983,1734.0
93984,1734.0
93985,1734.0
93986,1734.0
93987,1734.0
93988,1734.0
93989,1734.0
93990,1734.0
93991,1734.0
93992,1734.0
93993,1734.0
93994,1734.0
93995,1734.0
93996,1734.0
93997,1734.0
93998,1734.0
93999,1734.0
94000,1734.0
94001,1734.0
94002,1734.0
94003,1734.0
94004,1734.0
94005,1734.0
94006,1734.0
94007,1734.0
94008,1734.0
94009,1734.0
94010,1734.0
94011,1734.0
94012,1735.0
94013,1735.0
94014,1735.0
94015,1735.0
94016,1735.0
94017,1735.0
94018,1735.0
94019,1735.0
94020,1735.0
94021,1735.0
94022,1735.0
94023,1735.0
94024,1735.0
94025,1735.0
94026,1735.0
94027,1735.0
94028,1735.0
94029,1735.0
94030,1735.0
94031,1735.0
94032,1735.0
94033,1735.0
94034,1735.0
94035,1735.0
94036,1735.0
94037,1735.0
94038,1735.0
94039,1735.0
94040,1735.0
94041,1735.0
94042,1735.0
94043,1735.0
94044,1735.0
94045,1735.0
94046,1736.0
94047,1736.0
94048,1736.0
94049,1736.0
94050,1736.0
94051,1736.0
94052,1736.0
94053,1736.0
94054,1736.0
94055,1736.0
94056,1736.0
94057,1736.0
94058,1736.0
94059,1736.0
94060,1736.0
94061,1736.0
94062,1736.0
94063,1736.0
94064,1736.0
94065,1736.0
94066,1736.0
94067,1736.0
94068,1736.0
94069,1736.0
94070,1736.0
94071,1736.0
94072,1736.0
94073,1736.0
94074,1736.0
94075,1736.0
94076,1736.0
94077,1736.0
94078,1736.0
94079,1736.0
94080,1737.0
94081,1737.0
94082,1737.0
94083,1737.0
94084,1737.0
94085,1737.0
94086,1737.0
94087,1737.0
94088,1737.0
94089,1737.0
94090,1737.0
94091,1737.0
94092,1737.0
94093,1737.0
94094,1737.0
94095,1737.0
94096,1737.0
94097,1737.0
94098,1737.0
94099,1737.0
94100,1737.0
94101,1737.0
94102,1737.0
94103,1737.0
94104,1737.0
94105,1737.0
94106,1737.0
94107,1737.0
94108,1737.0
94109,1737.0
94110,1737.0
94111,1737.0
94112,1737.0
94113,1737.0
94114,1737.0
94115,1737.0
94116,1737.0
94117,1737.0
94118,1737.0
94119,1737.0
94120,1737.0
94121,1737.0
94122,1737.0
94123,1737.0
94124,1737.0
94125,1737.0
94126,1737.0
94127,1737.0
94128,1737.0
94129,1737.0
94130,1737.0
94131,1738.0
94132,1738.0
94133,1738.0
94134,1738.0
94135,1738.0
94136,1738.0
94137,1738.0
94138,1738.0
94139,1738.0
94140,1738.0
94141,1738.0
94142,1738.0
94143,1738.0
94144,1738.0
94145,1738.0
94146,1738.0
94147,1738.0
94148,1738.0
94149,1738.0
94150,1738.0
94151,1738.0
94152,1738.0
94153,1738.0
94154,1738.0
94155,1738.0
94156,1738.0
94157,1738.0
94158,1738.0
94159,1738.0
94160,1738.0
94161,1738.0
94162,1738.0
94163,1738.0
94164,1738.0
94165,1738.0
94166,1738.0
94167,1738.0
94168,1738.0
94169,1738.0
94170,1738.0
94171,1738.0
94172,1738.0
94173,1738.0
94174,1738.0
94175,1738.0
94176,1739.0
94177,1739.0
94178,1739.0
94179,1739.0
94180,1739.0
94181,1739.0
94182,1739.0
94183,1739.0
94184,1739.0
94185,1739.0
94186,1739.0
94187,1739.0
94188,1739.0
94189,1739.0
94190,1739.0
94191,1739.0
94192,1739.0
94193,1739.0
94194,1739.0
94195,1739.0
94196,1739.0
94197,1739.0
94198,1739.0
94199,1739.0
94200,1739.0
94201,1739.0
94202,1739.0
94203,1739.0
94204,1739.0
94205,1739.0
94206,1739.0
94207,1739.0
94208,1739.0
94209,1740.0
94210,1740.0
94211,1740.0
94212,1740.0
94213,1740.0
94214,1740.0
94215,1740.0
94216,1740.0
94217,1740.0
94218,1740.0
94219,1740.0
94220,1740.0
94221,1740.0
94222,1740.0
94223,1740.0
94224,1740.0
94225,1740.0
94226,1740.0
94227,1740.0
94228,1740.0
94229,1740.0
94230,1740.0
94231,1740.0
94232,1740.0
94233,1740.0
94234,1740.0
94235,1740.0
94236,1740.0
94237,1740.0
94238,1740.0
94239,1740.0
94240,1740.0
94241,1740.0
94242,1741.0
94243,1741.0
94244,1741.0
94245,1741.0
94246,1741.0
94247,1741.0
94248,1741.0
94249,1741.0
94250,1741.0
94251,1741.0
94252,1741.0
94253,1741.0
94254,1741.0
94255,1741.0
94256,1741.0
94257,1741.0
94258,1741.0
94259,1741.0
94260,1741.0
94261,1741.0
94262,1741.0
94263,1741.0
94264,1741.0
94265,1741.0
94266,1741.0
94267,1741.0
94268,1741.0
94269,1741.0
94270,1741.0
94271,1741.0
94272,1741.0
94273,1741.0
94274,1741.0
94275,1741.0
94276,1741.0
94277,1742.0
94278,1742.0
94279,1742.0
94280,1742.0
94281,1742.0
94282,1742.0
94283,1742.0
94284,1742.0
94285,1742.0
94286,1742.0
94287,1742.0
94288,1742.0
94289,1742.0
94290,1742.0
94291,1742.0
94292,1742.0
94293,1742.0
94294,1742.0
94295,1742.0
94296,1742.0
94297,1742.0
94298,1742.0
94299,1742.0
94300,1742.0
94301,1743.0
94302,1743.0
94303,1743.0
94304,1743.0
94305,1743.0
94306,1743.0
94307,1743.0
94308,1743.0
94309,1743.0
94310,1743.0
94311,1743.0
94312,1743.0
94313,1743.0
94314,1743.0
94315,1743.0
94316,1743.0
94317,1743.0
94318,1743.0
94319,1743.0
94320,1743.0
94321,1743.0
94322,1743.0
94323,1743.0
94324,1743.0
94325,1743.0
94326,1743.0
94327,1743.0
94328,1743.0
94329,1743.0
94330,1743.0
94331,1743.0
94332,1743.0
94333,1744.0
94334,1744.0
94335,1744.0
94336,1744.0
94337,1744.0
94338,1744.0
94339,1744.0
94340,1744.0
94341,1744.0
94342,1744.0
94343,1744.0
94344,1744.0
94345,1744.0
94346,1744.0
94347,1744.0
94348,1744.0
94349,1744.0
94350,1744.0
94351,1744.0
94352,1744.0
94353,1744.0
94354,1744.0
94355,1744.0
94356,1745.0
94357,1745.0
94358,1745.0
94359,1745.0
94360,1745.0
94361,1745.0
94362,1745.0
94363,1745.0
94364,1745.0
94365,1745.0
94366,1745.0
94367,1745.0
94368,1745.0
94369,1745.0
94370,1745.0
94371,1745.0
94407,1745.0
94408,1745.0
94409,1745.0
94410,1745.0
94411,1745.0
94412,1745.0
94413,1745.0
94414,1745.0
94415,1745.0
94416,1745.0
94417,1745.0
94418,1745.0
94419,1745.0
94420,1746.0
94421,1746.0
94422,1746.0
94423,1746.0
94424,1746.0
94425,1746.0
94426,1746.0
94427,1746.0
94428,1746.0
94429,1746.0
94430,1746.0
94431,1746.0
94432,1746.0
94433,1746.0
94434,1746.0
94435,1746.0
94436,1746.0
94437,1746.0
94438,1746.0
94439,1746.0
94440,1746.0
94441,1746.0
94442,1746.0
94443,1746.0
94444,1746.0
94445,1746.0
94446,1746.0
94447,1746.0
94448,1746.0
94449,1746.0
94450,1746.0
94451,1746.0
94452,1746.0
94453,1746.0
94454,1746.0
94455,1746.0
94456,1746.0
94457,1746.0
94458,1747.0
94459,1747.0
94460,1747.0
94461,1747.0
94462,1747.0
94463,1747.0
94464,1747.0
94465,1747.0
94466,1747.0
94467,1747.0
94468,1747.0
94469,1747.0
94470,1747.0
94471,1747.0
94472,1747.0
94473,1747.0
94474,1747.0
94475,1747.0
94476,1747.0
94477,1747.0
94478,1747.0
94479,1747.0
94480,1747.0
94481,1747.0
94482,1747.0
94483,1747.0
94484,1747.0
94485,1748.0
94486,1748.0
94487,1748.0
94488,1748.0
94489,1748.0
94490,1748.0
94491,1748.0
94492,1748.0
94493,1748.0
94494,1748.0
94495,1748.0
94496,1748.0
94497,1748.0
94498,1748.0
94499,1748.0
94500,1748.0
94501,1748.0
94502,1748.0
94503,1748.0
94504,1748.0
94505,1748.0
94506,1748.0
94507,1748.0
94508,1749.0
94509,1749.0
94510,1749.0
94511,1749.0
94512,1749.0
94513,1749.0
94514,1749.0
94515,1749.0
94516,1749.0
94517,1749.0
94518,1749.0
94519,1749.0
94520,1749.0
94521,1749.0
94522,1749.0
94523,1749.0
94524,1749.0
94525,1749.0
94526,1749.0
94527,1749.0
94528,1749.0
94529,1749.0
94530,1749.0
94531,1749.0
94532,1749.0
94533,1749.0
94534,1749.0
94535,1749.0
94536,1749.0
94537,1749.0
94538,1749.0
94539,1749.0
94540,1749.0
94541,1749.0
94542,1749.0
94543,1749.0
94544,1749.0
94545,1749.0
94546,1749.0
94547,1749.0
94548,1749.0
94549,1749.0
94550,1749.0
94551,1749.0
94372,1749.0
94373,1749.0
94552,1749.0
94553,1749.0
94554,1749.0
94555,1749.0
94374,1750.0
94375,1750.0
94376,1750.0
94377,1750.0
94378,1750.0
94379,1750.0
94380,1750.0
94381,1750.0
94382,1750.0
94556,1750.0
94557,1750.0
94558,1750.0
94559,1750.0
94560,1750.0
94561,1750.0
94562,1750.0
94563,1750.0
94564,1750.0
94565,1750.0
94566,1750.0
94567,1750.0
94568,1750.0
94569,1750.0
94570,1750.0
94571,1750.0
94572,1750.0
94573,1750.0
94574,1750.0
94575,1750.0
94576,1750.0
94577,1750.0
94578,1750.0
94579,1750.0
94580,1750.0
94581,1751.0
94582,1751.0
94583,1751.0
94584,1751.0
94585,1751.0
94586,1751.0
94587,1751.0
94588,1751.0
94589,1751.0
94590,1751.0
94591,1751.0
94592,1751.0
94593,1751.0
94594,1751.0
94595,1751.0
94596,1751.0
94597,1751.0
94598,1751.0
94599,1751.0
94600,1751.0
94601,1751.0
94602,1751.0
94603,1751.0
94604,1751.0
94605,1751.0
94606,1751.0
94607,1751.0
94608,1751.0
94609,1752.0
94610,1752.0
94611,1752.0
94612,1752.0
94613,1752.0
94614,1752.0
94615,1752.0
94616,1752.0
94617,1752.0
94618,1752.0
94619,1752.0
94620,1752.0
94621,1752.0
94622,1752.0
94623,1752.0
94624,1752.0
94625,1752.0
94626,1752.0
94627,1752.0
94628,1752.0
94629,1752.0
94630,1752.0
94631,1752.0
94632,1752.0
94633,1752.0
94634,1752.0
94635,1752.0
94636,1752.0
94637,1752.0
94638,1752.0
94639,1752.0
94640,1752.0
94641,1752.0
94642,1752.0
94643,1752.0
94644,1752.0
94645,1753.0
94646,1753.0
94647,1753.0
94649,1753.0
94650,1753.0
94651,1753.0
94652,1753.0
94653,1753.0
94654,1753.0
94655,1753.0
94656,1753.0
94657,1753.0
94658,1753.0
94659,1753.0
94660,1753.0
94661,1753.0
94662,1753.0
94663,1753.0
94664,1753.0
94665,1753.0
94666,1753.0
94667,1753.0
94668,1753.0
94669,1753.0
94670,1753.0
94672,1753.0
94673,1753.0
94674,1753.0
94675,1753.0
94676,1753.0
94677,1754.0
94678,1754.0
94679,1754.0
94680,1754.0
94681,1754.0
94682,1754.0
94683,1754.0
94684,1754.0
94685,1754.0
94686,1754.0
94687,1754.0
94688,1754.0
94689,1754.0
94690,1754.0
94691,1754.0
94692,1754.0
94693,1754.0
94694,1754.0
94695,1754.0
94696,1754.0
94697,1754.0
94698,1754.0
94699,1754.0
94700,1754.0
94701,1754.0
94702,1754.0
94703,1754.0
94704,1754.0
94705,1754.0
94706,1754.0
94707,1754.0
94708,1754.0
94709,1755.0
94710,1755.0
94711,1755.0
94712,1755.0
94713,1755.0
94714,1755.0
94715,1755.0
94716,1755.0
94717,1755.0
94718,1755.0
94719,1755.0
94720,1755.0
94721,1755.0
94722,1755.0
94723,1755.0
94724,1755.0
94725,1755.0
94726,1756.0
94727,1756.0
94728,1756.0
94729,1756.0
94730,1756.0
94731,1756.0
94732,1756.0
94733,1756.0
94734,1756.0
94735,1756.0
94736,1756.0
94737,1756.0
94738,1756.0
94739,1756.0
94740,1756.0
94741,1756.0
94742,1756.0
94743,1756.0
94744,1756.0
94745,1756.0
94746,1756.0
94747,1756.0
94748,1756.0
94749,1756.0
94750,1756.0
94751,1756.0
94752,1756.0
94753,1756.0
94754,1756.0
94755,1756.0
94383,1757.0
94384,1757.0
94385,1757.0
94386,1757.0
94387,1757.0
94388,1757.0
94389,1757.0
94390,1757.0
94391,1757.0
94392,1757.0
94393,1757.0
94756,1757.0
94757,1757.0
94758,1757.0
94759,1757.0
94760,1757.0
94761,1757.0
94762,1757.0
94763,1757.0
94764,1757.0
94765,1757.0
94766,1757.0
94767,1757.0
94768,1757.0
94769,1757.0
94770,1757.0
94771,1757.0
94772,1757.0
94773,1757.0
94774,1757.0
94775,1758.0
94776,1758.0
94777,1758.0
94778,1758.0
94779,1758.0
94780,1758.0
94781,1758.0
94782,1758.0
94783,1758.0
94784,1758.0
94785,1758.0
94786,1758.0
94787,1758.0
94788,1758.0
94789,1758.0
94790,1758.0
94791,1758.0
94792,1758.0
94793,1758.0
94794,1758.0
94795,1758.0
94796,1758.0
94797,1758.0
94798,1758.0
94799,1758.0
94800,1758.0
94801,1758.0
94802,1759.0
94803,1759.0
94804,1759.0
94805,1759.0
94806,1759.0
94807,1759.0
94808,1759.0
94809,1759.0
94810,1759.0
94811,1759.0
94812,1759.0
94813,1759.0
94814,1759.0
94815,1759.0
94816,1759.0
94817,1759.0
94818,1759.0
94819,1759.0
94820,1759.0
94821,1759.0
94822,1759.0
94823,1759.0
94824,1759.0
94825,1759.0
94826,1759.0
94827,1759.0
94828,1759.0
94829,1759.0
94830,1760.0
94831,1760.0
94832,1760.0
94833,1760.0
94834,1760.0
94835,1760.0
94836,1760.0
94837,1760.0
94838,1760.0
94839,1760.0
94840,1760.0
94841,1760.0
94842,1760.0
94843,1760.0
94844,1761.0
94845,1761.0
94846,1761.0
94847,1761.0
94848,1761.0
94849,1761.0
94850,1761.0
94851,1761.0
94852,1761.0
94853,1761.0
94854,1761.0
94855,1761.0
94856,1761.0
94857,1761.0
94858,1761.0
94859,1761.0
94860,1761.0
94861,1761.0
94862,1761.0
94863,1761.0
94864,1761.0
94865,1761.0
94866,1761.0
94867,1761.0
94868,1761.0
94869,1761.0
94870,1761.0
94871,1761.0
94872,1761.0
94873,1761.0
94874,1761.0
94875,1761.0
94876,1761.0
94877,1761.0
94878,1761.0
94879,1761.0
94880,1761.0
94881,1761.0
94882,1761.0
94883,1761.0
94884,1761.0
94885,1762.0
94886,1762.0
94887,1762.0
94888,1762.0
94889,1762.0
94890,1762.0
94891,1762.0
94892,1762.0
94893,1762.0
94894,1762.0
94895,1762.0
94896,1762.0
94897,1762.0
94898,1762.0
94899,1762.0
94900,1762.0
94901,1762.0
94902,1762.0
94903,1762.0
94904,1762.0
94905,1762.0
94906,1762.0
94907,1762.0
94908,1762.0
94648,1763.0
94909,1763.0
94910,1763.0
94911,1763.0
94912,1763.0
94913,1763.0
94914,1763.0
94915,1763.0
94916,1763.0
94917,1763.0
94918,1763.0
94919,1763.0
94920,1763.0
94921,1763.0
94922,1763.0
94923,1763.0
94924,1763.0
94925,1763.0
94926,1763.0
94927,1763.0
94928,1763.0
94929,1763.0
94930,1763.0
94931,1763.0
94932,1763.0
94933,1763.0
94934,1763.0
94935,1763.0
94936,1763.0
94937,1763.0
94938,1763.0
94939,1763.0
94940,1763.0
94941,1763.0
94942,1764.0
94943,1764.0
94944,1764.0
94945,1764.0
94946,1764.0
94947,1764.0
94948,1764.0
94949,1764.0
94950,1764.0
94951,1764.0
94952,1764.0
94953,1764.0
94954,1764.0
94955,1764.0
94956,1764.0
94957,1764.0
94958,1764.0
94959,1764.0
94960,1764.0
94961,1764.0
94962,1764.0
94963,1764.0
94964,1764.0
94965,1764.0
94966,1764.0
94967,1764.0
94968,1764.0
94969,1764.0
94970,1764.0
94971,1764.0
94972,1764.0
94973,1764.0
94974,1765.0
94975,1765.0
94976,1765.0
94977,1765.0
94978,1765.0
94979,1765.0
94980,1765.0
94981,1765.0
94982,1765.0
94983,1765.0
94984,1765.0
94985,1765.0
94986,1765.0
94987,1765.0
94988,1765.0
94989,1765.0
94990,1765.0
94991,1765.0
94992,1765.0
94993,1765.0
94994,1765.0
94995,1765.0
94996,1765.0
94997,1765.0
94998,1765.0
94999,1765.0
95000,1765.0
95001,1766.0
95002,1766.0
95003,1766.0
95004,1766.0
95005,1766.0
95006,1766.0
95007,1766.0
95008,1766.0
95009,1766.0
95010,1766.0
95011,1766.0
95012,1766.0
95013,1766.0
95014,1766.0
95015,1766.0
95016,1766.0
95017,1766.0
95018,1766.0
95019,1766.0
95020,1766.0
95021,1766.0
95022,1766.0
95023,1766.0
95024,1766.0
95025,1766.0
95026,1766.0
95027,1766.0
95028,1766.0
95029,1766.0
95030,1766.0
95031,1766.0
95032,1766.0
95033,1767.0
95034,1767.0
95035,1767.0
95036,1767.0
95037,1767.0
95038,1767.0
95039,1767.0
95040,1767.0
95041,1767.0
95042,1767.0
95043,1767.0
95044,1767.0
95045,1767.0
95046,1767.0
95047,1767.0
95048,1767.0
95049,1767.0
95050,1767.0
95051,1767.0
95052,1767.0
95053,1767.0
95054,1767.0
95055,1767.0
95056,1767.0
95057,1767.0
95058,1767.0
95059,1767.0
95060,1767.0
95061,1767.0
95062,1767.0
95063,1767.0
95064,1767.0
95065,1767.0
95066,1768.0
95067,1768.0
95068,1768.0
95069,1768.0
95070,1768.0
95071,1768.0
95072,1768.0
95073,1768.0
95074,1768.0
95075,1768.0
95076,1768.0
95077,1768.0
95078,1768.0
95079,1768.0
95080,1768.0
95081,1768.0
95082,1768.0
95083,1768.0
95084,1768.0
95085,1768.0
95086,1768.0
95087,1768.0
95088,1768.0
95089,1768.0
95090,1768.0
95091,1768.0
95092,1768.0
95093,1768.0
95094,1768.0
95095,1769.0
95096,1769.0
95097,1769.0
95098,1769.0
95099,1769.0
95100,1769.0
95101,1769.0
95102,1769.0
95103,1769.0
95104,1769.0
95105,1769.0
95106,1769.0
95107,1769.0
95108,1769.0
95109,1769.0
95110,1769.0
95111,1769.0
95112,1769.0
95113,1769.0
95114,1769.0
95115,1769.0
95116,1769.0
95117,1769.0
95118,1769.0
95119,1769.0
95120,1769.0
95121,1769.0
95122,1769.0
95123,1769.0
95124,1770.0
95125,1770.0
95126,1770.0
95127,1770.0
95128,1770.0
95129,1770.0
95130,1770.0
95131,1770.0
95132,1770.0
95133,1770.0
95134,1770.0
95135,1770.0
95136,1770.0
95137,1770.0
95138,1770.0
95139,1770.0
95140,1770.0
95141,1770.0
95142,1770.0
95143,1770.0
95144,1770.0
95145,1770.0
95146,1770.0
95147,1771.0
95148,1771.0
95149,1771.0
95150,1771.0
95151,1771.0
95152,1771.0
95153,1771.0
95154,1771.0
95155,1771.0
95156,1771.0
95157,1771.0
95158,1771.0
95159,1771.0
95160,1771.0
95161,1771.0
95162,1771.0
95163,1771.0
95164,1771.0
95165,1771.0
95166,1771.0
95167,1771.0
95168,1771.0
95169,1771.0
95170,1771.0
95171,1771.0
95172,1771.0
95173,1771.0
95174,1771.0
95175,1771.0
95176,1771.0
95177,1771.0
95178,1771.0
95179,1771.0
95180,1772.0
95181,1772.0
95182,1772.0
95183,1772.0
95184,1772.0
95185,1772.0
95186,1772.0
95187,1772.0
95188,1772.0
95189,1772.0
95190,1772.0
95191,1772.0
95192,1772.0
95193,1772.0
95194,1772.0
95195,1772.0
95196,1772.0
95197,1772.0
95198,1772.0
95199,1772.0
95200,1772.0
95201,1772.0
95202,1772.0
95203,1772.0
95204,1772.0
95205,1772.0
95206,1772.0
95207,1772.0
95208,1772.0
95209,1772.0
95210,1772.0
95211,1772.0
95212,1772.0
95213,1772.0
95214,1772.0
95215,1772.0
95216,1772.0
95217,1773.0
95218,1773.0
95219,1773.0
95220,1773.0
95221,1773.0
95222,1773.0
95223,1773.0
95224,1773.0
95225,1773.0
95226,1773.0
95227,1773.0
95228,1773.0
95229,1773.0
95230,1773.0
95231,1773.0
95232,1773.0
95233,1773.0
95234,1773.0
95235,1773.0
95236,1773.0
95237,1773.0
95238,1773.0
95239,1773.0
95240,1773.0
95241,1773.0
95242,1773.0
95243,1773.0
95244,1773.0
95245,1773.0
95246,1773.0
95247,1774.0
95248,1774.0
95249,1774.0
95250,1774.0
95251,1774.0
95252,1774.0
95253,1774.0
95254,1774.0
95255,1774.0
95256,1774.0
95257,1774.0
95258,1774.0
95259,1774.0
95260,1774.0
95261,1774.0
95262,1774.0
95263,1774.0
95264,1774.0
95265,1774.0
95266,1774.0
95267,1774.0
95268,1774.0
95269,1774.0
95270,1774.0
95271,1774.0
95272,1774.0
95273,1774.0
95274,1774.0
95275,1775.0
95276,1775.0
95277,1775.0
95278,1775.0
95279,1775.0
95280,1775.0
95281,1775.0
95282,1775.0
95283,1775.0
95284,1775.0
95285,1775.0
95286,1775.0
95287,1775.0
95288,1775.0
95289,1775.0
95290,1775.0
95291,1775.0
95292,1775.0
95293,1775.0
95294,1775.0
95295,1775.0
95296,1775.0
95297,1775.0
95298,1775.0
95299,1775.0
95300,1775.0
95301,1775.0
95302,1775.0
95303,1775.0
95304,1775.0
95305,1775.0
95306,1775.0
95307,1775.0
95308,1776.0
95309,1776.0
95310,1776.0
95311,1776.0
95312,1776.0
95313,1776.0
95314,1776.0
95315,1776.0
95316,1776.0
95317,1776.0
95318,1776.0
95319,1776.0
95320,1776.0
95321,1776.0
95322,1776.0
95323,1776.0
95324,1776.0
95325,1776.0
95326,1776.0
95327,1776.0
95328,1776.0
95329,1776.0
95330,1776.0
95331,1776.0
95332,1776.0
95333,1776.0
95334,1776.0
95335,1776.0
95336,1776.0
95337,1776.0
95338,1777.0
95339,1777.0
95340,1777.0
95341,1777.0
95342,1777.0
95343,1777.0
95344,1777.0
95345,1777.0
95346,1777.0
95347,1777.0
95348,1777.0
95349,1777.0
95350,1777.0
95351,1777.0
95352,1777.0
95353,1777.0
95354,1777.0
95355,1777.0
95356,1777.0
95357,1977.0
95358,1777.0
95359,1777.0
95360,1777.0
95361,1777.0
95362,1777.0
95363,1778.0
95364,1778.0
95365,1778.0
95366,1778.0
95367,1778.0
95368,1778.0
95369,1778.0
95370,1778.0
95371,1778.0
95372,1778.0
95373,1778.0
95374,1778.0
95375,1778.0
95376,1778.0
95377,1778.0
95378,1778.0
95379,1778.0
95380,1778.0
95381,1778.0
95382,1778.0
95383,1779.0
95384,1779.0
95385,1779.0
95386,1779.0
95387,1779.0
95388,1779.0
95389,1779.0
95390,1779.0
95391,1779.0
95392,1779.0
95393,1779.0
95394,1779.0
95395,1779.0
95396,1779.0
95397,1779.0
95398,1779.0
95399,1779.0
95400,1779.0
95401,1779.0
95402,1779.0
95403,1779.0
95404,1779.0
95405,1779.0
95406,1779.0
95407,1779.0
95408,1779.0
95409,1779.0
95410,1779.0
95411,1779.0
95412,1779.0
95413,1779.0
95414,1779.0
95415,1779.0
95416,1779.0
95417,1780.0
95418,1780.0
95419,1780.0
95420,1780.0
95421,1780.0
95422,1780.0
95423,1780.0
95424,1780.0
95425,1780.0
95426,1780.0
95427,1780.0
95428,1780.0
95429,1780.0
95430,1780.0
95431,1780.0
95432,1780.0
95433,1780.0
95434,1780.0
95435,1780.0
95436,1780.0
95437,1780.0
95438,1780.0
95439,1780.0
95440,1780.0
95441,1780.0
95442,1782.0
95443,1782.0
95444,1782.0
95445,1782.0
95446,1782.0
95447,1782.0
95448,1782.0
95449,1782.0
95450,1782.0
95451,1782.0
95452,1782.0
95453,1782.0
95454,1782.0
95455,1782.0
95456,1782.0
95457,1783.0
95458,1783.0
95459,1783.0
95460,1783.0
95461,1783.0
95462,1783.0
95463,1783.0
95464,1783.0
95465,1783.0
95466,1783.0
95467,1783.0
95472,1783.0
95468,1783.0
95469,1783.0
95470,1783.0
95471,1783.0
95473,1783.0
95474,1783.0
95475,1783.0
95476,1783.0
95477,1783.0
95478,1783.0
95479,1783.0
95480,1783.0
95481,1783.0
95482,1783.0
95483,1783.0
95484,1783.0
95485,1783.0
95486,1783.0
95487,1783.0
95488,1783.0
95489,1783.0
95490,1783.0
95491,1783.0
95492,1783.0
95493,1784.0
95494,1784.0
95495,1784.0
95496,1784.0
95497,1784.0
95498,1784.0
95499,1784.0
95500,1784.0
95501,1784.0
95502,1784.0
95503,1784.0
95504,1784.0
95505,1784.0
95506,1784.0
95507,1784.0
95508,1784.0
95509,1784.0
95510,1784.0
95511,1784.0
95512,1784.0
95513,1784.0
95514,1784.0
95515,1784.0
95516,1784.0
95517,1784.0
95518,1784.0
95519,1784.0
95520,1784.0
95521,1784.0
95522,1784.0
95523,1784.0
95524,1784.0
95525,1784.0
95526,1784.0
95527,1784.0
95528,1784.0
95529,1784.0
95530,1784.0
95531,1784.0
95532,1785.0
95533,1785.0
95534,1785.0
95535,1785.0
95536,1785.0
95537,1785.0
95538,1785.0
95539,1785.0
95540,1785.0
95541,1785.0
95542,1785.0
95543,1785.0
95544,1785.0
95545,1785.0
95546,1785.0
95547,1785.0
95548,1785.0
95549,1785.0
95550,1785.0
95551,1785.0
95552,1785.0
95553,1785.0
95554,1785.0
95555,1785.0
95556,1785.0
95557,1785.0
95558,1785.0
95559,1785.0
95560,1785.0
95561,1785.0
95562,1785.0
95563,1785.0
95564,1785.0
95565,1786.0
95566,1786.0
95567,1786.0
95568,1786.0
95569,1786.0
94394,1786.0
94395,1786.0
94396,1786.0
94397,1786.0
94398,1786.0
94399,1786.0
94400,1786.0
94401,1786.0
94402,1786.0
94403,1786.0
94404,1786.0
94405,1786.0
94406,1786.0
95570,1786.0
95571,1786.0
95572,1786.0
95573,1786.0
95574,1786.0
95575,1786.0
95576,1786.0
95577,1786.0
95578,1786.0
95579,1786.0
95580,1786.0
95581,1786.0
95582,1786.0
95583,1786.0
95584,1786.0
95585,1786.0
95586,1787.0
95587,1787.0
95588,1787.0
95589,1787.0
95590,1787.0
95591,1787.0
95592,1787.0
95593,1787.0
95594,1787.0
95595,1787.0
95596,1787.0
95597,1787.0
95598,1787.0
95599,1787.0
95600,1787.0
95601,1787.0
95602,1787.0
95603,1787.0
95604,1787.0
95605,1787.0
95606,1787.0
95607,1787.0
95608,1787.0
95609,1787.0
95610,1787.0
95611,1787.0
95612,1787.0
95613,1787.0
95614,1787.0
95615,1787.0
95616,1787.0
95617,1787.0
95618,1787.0
95619,1787.0
95620,1787.0
95621,1787.0
95622,1787.0
95623,1787.0
95624,1787.0
95625,1787.0
95626,1787.0
95627,1787.0
95628,1787.0
95629,1787.0
95630,1787.0
95631,1787.0
95632,1788.0
95633,1788.0
95634,1788.0
95635,1788.0
95636,1788.0
95637,1788.0
95638,1788.0
95639,1788.0
95640,1788.0
95641,1788.0
95642,1788.0
95644,1788.0
95645,1788.0
95646,1788.0
95647,1788.0
95648,1788.0
95649,1788.0
95650,1788.0
95651,1788.0
95652,1788.0
95653,1788.0
95654,1788.0
95655,1788.0
95656,1788.0
95657,1788.0
95658,1788.0
95659,1788.0
95660,1788.0
95661,1788.0
95662,1788.0
95663,1788.0
95664,1788.0
95665,1788.0
95666,1788.0
95667,1789.0
95668,1789.0
95669,1789.0
95670,1789.0
95671,1789.0
95672,1789.0
95673,1789.0
95674,1789.0
95675,1789.0
95676,1789.0
95677,1789.0
95678,1789.0
95679,1789.0
95680,1789.0
95681,1789.0
95682,1789.0
95683,1789.0
95684,1789.0
95685,1789.0
95686,1789.0
95687,1789.0
95688,1789.0
95689,1789.0
95690,1789.0
95691,1789.0
95692,1789.0
95693,1789.0
95694,1789.0
95695,1790.0
95696,1790.0
95697,1790.0
95698,1790.0
95699,1790.0
95700,1790.0
95701,1790.0
95702,1790.0
95703,1790.0
95704,1790.0
95705,1790.0
95706,1790.0
95707,1790.0
95708,1790.0
95709,1790.0
95710,1790.0
95711,1790.0
95712,1790.0
95713,1790.0
95714,1790.0
95715,1790.0
95716,1790.0
95717,1790.0
95718,1790.0
95719,1790.0
95720,1790.0
95721,1790.0
95722,1790.0
95723,1790.0
95724,1790.0
95725,1790.0
95726,1791.0
95727,1791.0
95728,1791.0
95729,1791.0
95730,1791.0
95731,1791.0
95732,1791.0
95733,1791.0
95734,1791.0
95735,1791.0
95736,1791.0
95737,1791.0
95738,1791.0
95739,1791.0
95740,1791.0
95741,1791.0
95742,1791.0
95743,1791.0
95744,1791.0
95745,1791.0
95746,1791.0
95747,1791.0
95748,1791.0
95749,1791.0
95750,1791.0
95751,1791.0
95752,1791.0
95753,1791.0
95754,1791.0
95755,1791.0
95756,1792.0
95757,1792.0
95758,1792.0
95759,1792.0
95760,1792.0
95761,1792.0
95762,1792.0
95763,1792.0
95764,1792.0
95765,1792.0
95766,1792.0
95767,1792.0
95768,1792.0
95769,1792.0
95770,1792.0
95771,1792.0
95772,1792.0
95773,1792.0
95774,1792.0
95775,1792.0
95776,1792.0
95777,1792.0
95778,1792.0
95779,1792.0
95780,1793.0
95781,1793.0
95782,1793.0
95783,1793.0
95784,1793.0
95785,1793.0
95786,1793.0
95787,1793.0
95788,1793.0
95789,1793.0
95790,1793.0
95791,1793.0
95792,1793.0
95793,1793.0
95794,1793.0
95795,1793.0
95796,1793.0
95797,1793.0
95798,1793.0
95799,1793.0
95800,1793.0
95801,1793.0
95802,1793.0
95803,1793.0
95804,1793.0
95805,1793.0
95806,1794.0
95807,1794.0
95808,1794.0
95809,1794.0
95810,1794.0
95811,1794.0
95812,1794.0
95813,1794.0
95814,1794.0
95815,1794.0
95816,1794.0
95817,1794.0
95818,1794.0
95819,1794.0
95820,1794.0
95821,1794.0
95822,1794.0
95823,1794.0
95824,1794.0
95825,1794.0
95826,1794.0
95827,1794.0
91076,
